step;type;amount;oldBalanceOrig;newBalanceOrig;oldBalanceDest;newBalanceDest;isFraud
331;1;90095.14;0;0;412639.45;502734.59;0
159;0;301193.32;301193.32;0;0;0;1
243;1;793886.87;793886.87;0;1841967.2;2635854.07;1
163;0;100463.39;0;0;433787.12;534250.51;0
444;1;3752520.6;3752520.6;0;1255946.49;5008467.09;1
305;0;10000000;59887;0;98744.41;16092895.16;0
568;0;2895954.99;2895954.99;0;0;0;1
396;1;309868.28;0;0;676728.02;986596.31;0
160;0;472785.54;0;0;6019835.87;6492621.42;0
400;1;39684.68;887;0;53236.42;92921.09;0
206;0;14206.82;14206.82;0;0;0;1
730;0;10000000;37316255.05;27316255.05;0;0;1
33;0;576785.91;21248;0;21950;598735.91;0
36;1;304462.19;0;0;821572.49;1126034.68;0
400;1;291575.24;0;0;3486533.27;3778108.52;0
159;1;224661.54;224661.54;0;0;148150.77;1
453;0;553328.24;553328.24;0;0;0;1
46;1;1318.67;0;0;1144968.65;1146287.32;0
690;0;952016.3;0;0;2280829.38;3232845.68;0
531;0;3547485.43;3547485.43;0;0;0;1
524;0;356224.26;356224.26;0;0;0;1
298;1;87897.05;0;0;201414.89;289311.95;0
155;0;586454.87;0;0;3092360.33;3678815.19;0
578;1;118106.94;118106.94;0;1908450.58;2026557.52;1
20;0;76013.12;2360.76;0;192141.68;268154.8;0
238;1;12718.72;1219;0;4258587.47;4271306.19;0
12;0;383178.56;0;0;16049728.27;16432906.84;0
406;0;4160888.06;4160888.06;0;0;0;1
157;1;166478.76;99048;0;0;166478.76;0
243;0;1290193.08;1290193.08;0;0;0;1
401;1;425.6;340538.93;340113.33;447032.21;447457.81;0
93;0;315654.19;315654.19;0;0;0;1
538;1;1253358.42;1253358.42;0;8398499.24;9651857.66;1
15;1;123274.06;26129;0;538712.1;661986.15;0
579;0;3085336.66;3085336.66;0;0;0;1
136;0;474498.69;0;0;1708182.85;2182681.54;0
305;1;294313.27;0;0;4208479.1;4502792.36;0
34;1;428239.03;428239.03;0;293130.02;1456009.92;1
298;1;91162.63;0;0;540251.9;631414.53;0
230;1;52757.33;0;0;1997782.94;2050540.27;0
688;0;38683.85;0;0;563488.43;602172.28;0
260;0;847383.45;847383.45;0;0;0;1
379;0;626673.66;626673.66;0;0;0;1
157;1;170257.42;0;0;334669.46;504926.88;0
403;1;83712.77;0;0;924848.98;1008561.75;0
425;0;34839.32;34839.32;0;0;0;1
279;0;601222.02;601222.02;0;0;0;1
349;1;14279.89;14279.89;0;983;0;1
680;1;28399.72;28399.72;0;128264.68;156664.4;1
81;0;78028.89;78028.89;0;0;0;1
137;1;200878.86;0;0;1083159.01;1284037.88;0
10;0;371544.2;0;0;3456195.31;3492775.5;0
374;0;755229.81;0;0;3456538.14;4211767.96;0
39;1;40214.62;0;0;1771901.12;1812115.73;0
162;0;2934820.94;2934820.94;0;0;0;1
383;1;113921.02;113921.02;0;0;113921.02;1
1;1;35063.63;35063.63;0;31140;7550.03;1
469;1;349077.82;22393;0;1074891.25;1423969.07;0
284;0;830803.43;830803.43;0;0;0;1
250;0;684401.41;0;0;937475.24;1621876.65;0
45;1;357836.57;357836.57;0;51217.85;409054.43;1
350;1;212521.32;0;0;1343608.92;1556130.24;0
236;1;107591.54;0;0;3600841.53;3708433.07;0
22;1;346704.55;346704.55;0;513994.79;860699.34;1
198;0;2634032.61;2634032.61;0;0;0;1
284;0;164502.06;164502.06;0;0;0;1
302;1;160351.72;0;0;161823.33;277408.76;0
269;1;32527;32527;0;77934.8;110461.8;1
699;0;84480.05;84480.05;0;0;0;1
512;0;718350.64;718350.64;0;0;0;1
173;1;364333.03;364333.03;0;0;364333.03;1
594;1;259363.55;19308;0;260867.06;520230.61;0
672;0;7218629.01;7218629.01;0;0;0;1
726;1;9065.44;9065.44;0;757856.9;766922.34;1
209;1;174271.31;18805;0;2389731.99;2564003.3;0
653;1;119.65;119.65;0;1183575.58;1183695.22;1
202;1;74869.15;21611;0;2534526.89;2609396.04;0
17;1;147258.13;292760;145501.87;392392.14;539650.27;0
355;0;883366.69;883366.69;0;0;0;1
260;1;60226.06;60226.06;0;103183.19;163409.25;1
452;0;63262.94;63262.94;0;0;0;1
599;0;1074.81;1074.81;0;0;0;1
253;1;95011.47;0;0;1281589.61;1376601.08;0
92;1;271908.4;271908.4;0;1488088.26;1759996.66;1
19;1;200784.67;0;0;740764.63;767145.73;0
280;1;63606.12;391089.5;327483.38;161383.83;224989.95;0
122;0;2658595.89;2658595.89;0;0;0;1
187;1;30712.62;0;0;854156.7;884869.32;0
138;1;195252.91;0;0;570591.56;765844.47;0
157;1;366250.59;20897;0;86919.8;453170.39;0
14;1;182960.06;0;0;2095783.41;2278743.47;0
563;1;190662.7;190662.7;0;309903.6;500566.3;1
160;1;219376.02;11448;0;0;219376.02;0
13;1;373025.77;0;0;394106.78;767132.55;0
212;1;127913.21;13579.39;0;1297035.1;1424948.32;0
399;0;1863991.52;116822.28;0;4970206.4;6834197.92;0
369;0;3563512.49;473267.29;0;4929209.73;8492722.22;0
522;1;172580.04;59519;0;144402.31;316982.35;0
205;1;151355.24;0;0;1428815.12;2159589.88;0
211;1;280683.51;0;0;7067049.48;7347733;0
426;1;87007.3;0;0;4607653.85;4694661.15;0
517;0;699183.61;699183.61;0;0;0;1
395;0;540389.54;5381;0;614754.7;1249936.23;0
120;1;107773.49;107773.49;0;2071923.99;2179697.48;1
68;0;3512572.72;3512572.72;0;0;0;1
681;1;212526.34;31784;0;0;212526.34;0
131;1;352778.91;10848;0;0;352778.91;0
10;1;38822.14;40550;1727.86;125693.37;164515.51;0
244;0;1946.74;1946.74;0;0;0;1
323;1;34101.05;0;0;636374.64;670475.69;0
314;0;59893.41;59893.41;0;0;0;1
461;0;830991.53;830991.53;0;0;0;1
656;1;110528.53;110528.53;0;600331.95;710860.48;1
306;1;105304.92;0;0;6275734.93;6381039.85;0
50;1;112668.54;112668.54;0;0;112668.54;1
211;0;55920.39;55920.39;0;0;0;1
464;0;4640633.37;4640633.37;0;0;0;1
371;0;1204307.4;0;0;1329438.49;2533745.89;0
459;0;277611.08;277611.08;0;0;0;1
617;0;10000000;12542664.27;2542664.27;0;0;1
399;0;205170.29;205170.29;0;0;0;1
311;0;268366.47;268366.47;0;0;0;1
354;1;41202.42;56223;15020.58;69620.97;110823.39;0
380;1;34022.03;118491;84468.97;3270126.01;3304148.04;0
191;1;318809.49;0;0;1230146.99;1548956.48;0
277;1;242678.33;242678.33;0;812517.66;1055196;1
742;1;1819543.69;1819543.69;0;0;1819543.69;1
378;1;17547.85;539714;522166.15;33831.97;51379.82;0
140;1;53782.87;53782.87;0;0;53782.87;1
1;1;1277212.77;1277212.77;0;0;2444985.19;1
279;1;16689.6;0;0;166276.06;182965.66;0
116;1;85408.24;85408.24;0;299363.12;384771.36;1
707;1;2331777.94;2331777.94;0;0;2331777.94;1
323;1;345763.53;24336;0;0;345763.53;0
161;1;343682.11;12565;0;0;139005.57;0
336;0;205129.12;205129.12;0;0;0;1
645;1;10000000;10000000;0;0;10000000;1
715;0;329424.14;329424.14;0;0;0;1
396;1;149364.14;0;0;187912.91;337277.05;0
178;1;3354200.39;3354200.39;0;0;3491865.72;1
83;1;365099.76;365099.76;0;32745.23;397844.99;1
396;1;116644.77;0;0;696670.82;813315.58;0
9;0;1055;1055;0;0;0;1
10;1;84537.5;10033;0;347628.82;432166.32;0
377;1;20645.43;20852;206.57;1051378.93;1072024.36;0
144;1;612743.87;612743.87;0;311807.53;924551.41;1
355;1;192377.24;0;0;220006.29;412383.53;0
680;0;2254417.02;2254417.02;0;0;0;1
185;0;224791.31;0;0;1755345.3;1980136.62;0
41;0;965221.1;146848.42;0;2246245.36;3670914.95;0
403;1;38555.13;10139;0;0;38555.13;0
22;1;119136.06;0;0;142674.63;261810.7;0
404;1;10000000;10000000;0;358443.32;10358443.32;1
133;1;899782.7;899782.7;0;106863.62;1006646.32;1
186;1;85812.76;0;0;1404896.39;1490709.15;0
159;1;393649.37;0;0;473670;867319.37;0
58;1;109525.67;109525.67;0;3997342.61;4106868.28;1
118;0;897427.17;897427.17;0;0;0;1
218;0;957432.32;957432.32;0;0;0;1
717;0;407275.43;407275.43;0;0;0;1
184;1;107848.09;440960;333111.91;0;107848.09;0
213;1;116136.27;596412;480275.73;0;116136.27;0
40;1;21043.58;0;0;583956.48;605000.06;0
644;1;44007.66;0;0;311469.09;355476.75;0
427;0;59749.28;59749.28;0;0;0;1
464;1;1219062.64;1219062.64;0;278750.5;1497813.13;1
351;1;6721321.33;6721321.33;0;85644.25;6806965.58;1
136;0;6184.77;0;0;94937.37;101122.14;0
71;1;322113.91;322113.91;0;0;322113.91;1
132;0;342409.79;140633;0;331075.39;1338754.43;0
374;0;7466.12;7466.12;0;0;0;1
300;1;408512.54;0;0;1268081.84;1176075.28;0
331;0;297791.43;41409;0;0;297791.43;0
251;1;330338.15;327653;0;299451.93;629790.07;0
21;1;2657.81;0;0;4871054.93;4873712.74;0
563;1;633610.66;633610.66;0;0;633610.66;1
282;1;107850.88;605;0;398080.18;505931.06;0
311;0;53186.01;0;0;305209.55;358395.56;0
450;1;36267.62;36267.62;0;6310213.47;6346481.09;1
157;1;324881.11;0;0;3477417.95;3802299.07;0
428;1;28089.58;31006;2916.42;233630.31;261719.89;0
327;0;2486981.25;0;0;10113292.3;12600273.55;0
204;1;185383.04;0;0;332042.7;517425.74;0
275;1;135456.06;0;0;903844.24;1039300.29;0
440;1;5049594.33;5049594.33;0;365902.48;5415496.81;1
557;1;839077.79;839077.79;0;0;839077.79;1
10;1;94331.31;0;0;174675.93;269007.24;0
275;1;420933.08;11083;0;325708.49;746641.56;0
18;1;27523.89;11469;0;1364335.89;1391859.78;0
12;1;702577.6;31007;0;971874.28;1612626.58;0
178;0;981982.72;49505;0;157005.64;1138988.35;0
305;1;41386.55;61551;20164.45;0;41386.55;0
275;1;160139.6;0;0;338154.79;498294.39;0
133;0;212130.67;212130.67;0;0;0;1
658;1;82535.57;82535.57;0;0;82535.57;1
11;1;210639.92;621;0;3120286.88;5697855.83;0
228;0;266836.35;266836.35;0;0;0;1
413;1;786278.72;786278.72;0;0;786278.72;1
397;1;229275.25;25252;0;4678.17;233953.42;0
594;0;760602.54;0;0;1180770.08;1941372.62;0
99;1;130653.37;130653.37;0;89246.77;219900.14;1
18;1;74979.78;10725;0;0;74979.78;0
77;1;2149976.69;2149976.69;0;0;2149976.69;1
376;1;110159.27;4055;0;0;110159.27;0
560;0;143275.81;143275.81;0;0;0;1
438;1;176776.55;176776.55;0;207998.29;384774.84;1
232;1;136988.28;308911;171922.72;799347.94;936336.22;0
185;1;6056.63;0;0;8391441.77;8397498.4;0
303;0;199870.29;199870.29;0;0;0;1
402;0;1696309.18;0;0;7222938.16;8919247.34;0
403;1;109411.8;223538;114126.2;131523.61;240935.41;0
312;0;117345.35;117345.35;0;0;0;1
205;0;245694.84;245694.84;0;0;0;1
702;0;308778.37;308778.37;0;0;0;1
563;1;96989.06;96989.06;0;1112486.16;1209475.22;1
490;1;199353.35;9072;0;253421.53;452774.88;0
473;0;7009.93;7009.93;0;0;0;1
16;1;183142.53;16705;0;0;183142.53;0
157;0;431356.55;431356.55;0;0;0;1
254;1;40402.76;0;0;5478938.12;5519340.88;0
94;1;153000.96;0;0;271503.05;424504.01;0
79;1;61178.51;61178.51;0;238787.35;299965.86;1
95;1;3492056.91;3492056.91;0;793803.18;4285860.09;1
558;0;2190762.32;2190762.32;0;0;0;1
404;1;214835.81;21105;0;5604898.02;5819733.82;0
51;1;361460.79;361460.79;0;991487.78;1352948.57;1
39;0;253639.06;178498;0;2414539.07;2668178.13;0
212;1;67222.46;106795;39572.54;385041.38;452263.85;0
18;1;325223.59;0;0;1077766.22;1274750.89;0
741;0;5674547.89;5674547.89;5674547.89;0;0;1
488;0;50279.4;50279.4;0;0;0;1
101;1;253793.28;253793.28;0;525977.66;779770.94;1
156;1;86848.88;86848.88;0;489635.85;576484.72;1
236;1;147268.46;0;0;418046.09;565314.55;0
286;1;103124.43;103124.43;0;0;103124.43;1
35;1;25766.66;0;0;108452.43;134219.09;0
369;1;74171.8;0;0;883104.06;957275.86;0
157;1;33084.47;0;0;1999135.14;2032219.6;0
128;0;310873.76;310873.76;0;0;0;1
394;0;795705.09;40201;0;181710.66;2774143.68;0
462;0;155028.83;155028.83;0;0;0;1
153;1;239879.28;0;0;532259.54;772138.82;0
43;1;350789.59;350789.59;0;8785008.75;9135798.34;1
350;1;207517.2;207517.2;0;0;207517.2;1
500;1;72251.39;133735;61483.61;38087.16;110338.55;0
276;0;104955.5;0;0;3238684.53;3343640.02;0
284;1;160296.55;160296.55;0;2195257.38;2355553.93;1
170;0;908858.12;908858.12;0;0;0;1
322;1;108213.6;108213.6;0;3191417.38;3299630.98;1
308;1;203445.95;0;0;453585.5;657031.45;0
401;1;61252.06;17675;0;0;61252.06;0
687;1;133839.97;0;0;5627628.86;5761468.83;0
275;1;126477.95;0;0;459135.72;585613.67;0
531;1;4791.06;4791.06;0;4814602.17;4819393.23;1
130;1;76005.29;10483;0;0;76005.29;0
253;1;226514.24;215;0;0;226514.24;0
523;0;120598.96;120598.96;0;0;0;1
348;1;185421.2;100030;0;0;185421.2;0
160;1;26733.14;0;0;1067578.35;1094311.49;0
44;0;89699.55;100;0;47618;137317.55;0
123;1;225307.38;0;0;372093.95;597401.32;0
327;0;634385.97;634385.97;0;0;0;1
401;1;65365.11;65365.11;0;490135.89;604680.44;1
245;1;124311.57;124311.57;0;116019.29;240330.86;1
522;1;146908.38;146908.38;0;4991504.3;5138412.68;1
323;1;49829.3;0;0;199585.09;249414.39;0
446;1;2720647.79;2720647.79;0;22803.08;2743450.86;1
288;1;21511.22;21511.22;0;0;21511.22;1
211;1;342412.98;103510;0;4775686.62;5118099.6;0
414;0;537641.8;537641.8;0;0;0;1
347;0;356719.84;0;0;2494094.05;2850813.89;0
16;1;100937.14;0;0;796346.89;897284.03;0
393;1;432958.83;432958.83;0;0;432958.83;1
430;0;221511.12;221511.12;0;0;0;1
257;1;5271.58;51038;45766.42;0;5271.58;0
227;1;70171.38;24425;0;387957.15;458128.53;0
133;0;1217984.52;70378;0;2801316.48;4019301;0
345;1;51525.74;0;0;2474941.5;2526467.24;0
516;1;848134.57;848134.57;0;211206.33;1059340.9;1
727;1;6377401.2;6377401.2;0;0;6377401.2;1
530;1;398711.68;398711.68;0;652931.8;1051643.49;1
134;1;220481.87;0;0;287204.52;507686.39;0
139;1;74663.83;31655;0;0;74663.83;0
206;1;224613.67;0;0;815316.72;1039930.39;0
13;1;2686564.04;2686564.04;0;438199.37;3124763.41;1
130;1;187655.9;0;0;712509.1;900165;0
326;1;104331.41;36303.5;0;4352935.05;4457266.46;0
18;1;487117.76;20383;0;0;487117.76;0
718;1;66941.04;66941.04;0;1062325.54;1129266.57;1
12;1;1041647.06;1041647.06;0;52730.33;1094377.39;1
41;1;162503.88;0;0;525644.26;688148.14;0
310;1;1085637.56;1085637.56;0;0;1085637.56;1
625;0;10000000;13020974.53;3020974.53;0;0;1
10;1;161408.83;31379;0;0;161408.83;0
51;0;361460.79;361460.79;0;0;0;1
107;0;570649.33;570649.33;0;0;0;1
382;0;194383.94;35721;0;0;194383.94;0
340;0;26478.48;26478.48;0;0;0;1
19;1;221943.78;394454;172510.22;14599.73;236543.52;0
575;0;130479.52;130479.52;0;0;0;1
639;1;305846.12;305846.12;0;0;305846.12;1
404;1;54749.05;0;0;296150.16;350899.21;0
179;1;114863.05;0;0;704833.89;819696.94;0
274;1;49210.21;49210.21;0;0;49210.21;1
466;1;4364760.42;4364760.42;0;91395.98;4456156.41;1
396;1;88520.22;0;0;4617506.74;4706026.95;0
169;1;148428.39;0;0;5763232.39;5911660.78;0
477;1;1720600.92;1720600.92;0;5085691.59;6806292.51;1
396;0;589620.75;48622;0;0;589620.75;0
18;1;94023;31964;0;21172;0;0
189;1;121579.98;121579.98;0;0;121579.98;1
208;1;28802.71;51557;22754.29;27390.77;56193.48;0
188;1;237642.64;237642.64;0;113161.91;350804.55;1
401;1;105928.8;0;0;171282.29;277211.09;0
231;1;105080.35;105080.35;0;1949100.08;2054180.43;1
129;1;30371.73;61856;31484.27;0;30371.73;0
406;1;9173.06;9173.06;0;0;9173.06;1
158;1;274222.91;201137.11;0;3604116.05;3878338.96;0
186;0;20364;20364;0;0;0;1
37;1;166025.69;466;0;373424.74;539450.43;0
46;1;585010.21;585010.21;0;15969.08;600979.29;1
257;1;229338.53;39490;0;1681837.47;1911176;0
130;1;124102.21;29466;0;2281939.17;2406041.38;0
279;1;110807.37;0;0;126567.89;237375.26;0
570;0;1131750.38;1131750.38;0;0;0;1
680;0;10000000;12651994.1;2651994.1;0;0;1
53;1;3640271.29;3640271.29;0;6525.95;3646797.25;1
205;0;672523.65;0;0;1863819.83;2536343.48;0
250;1;67509.28;0;0;295855.52;363364.8;0
301;1;74482.21;0;0;145755.44;220237.65;0
184;0;854508.16;18994;0;42884.95;897393.11;0
180;1;221565.8;0;0;571804.1;793369.89;0
151;1;443893.69;443893.69;0;3118325.8;3562219.49;1
205;1;10956.58;0;0;906754.93;917711.51;0
297;1;211112.43;0;0;2650597.26;2861709.69;0
14;0;65488.05;65488.05;0;0;0;1
43;1;156915.05;0;0;195856.43;352771.48;0
38;1;141610.75;0;0;210421.03;352031.78;0
236;0;84835.49;5129;0;0;84835.49;0
171;1;211721.9;211721.9;0;0;211721.9;1
584;1;597806.2;597806.2;0;0;597806.2;1
303;1;210661.95;0;0;1963269.39;2377485.93;0
180;1;3608191.52;3608191.52;0;41219.64;3649411.15;1
24;0;6844.73;6844.73;0;0;0;1
130;0;21531;21531;0;0;0;1
356;0;7360.15;7360.15;0;0;0;1
371;0;553368.65;49524;0;0;553368.65;0
240;1;248962.83;248962.83;0;0;248962.83;1
64;0;841052.98;841052.98;0;0;0;1
377;1;117926.63;30570;0;2472944.35;2590870.98;0
183;1;17771.17;10570;0;0;17771.17;0
69;0;19776.71;19776.71;0;0;0;1
107;0;418691.02;418691.02;0;0;0;1
251;1;143190.61;102521;0;56922.09;200112.7;0
18;1;193581.44;933283.82;739702.37;202895.9;594762.92;0
372;1;81814.51;81814.51;0;203160.15;284974.66;1
330;1;248251.65;0;0;305564.31;553815.95;0
341;0;929787.24;929787.24;0;0;0;1
352;1;93793.39;0;0;394465.11;488258.5;0
203;1;244397.45;0;0;844416.72;1088814.17;0
251;1;82112.74;82112.74;0;7968.15;90080.89;1
587;0;104998.24;214095.96;109097.72;198042.16;303040.41;0
42;1;273538.01;68697;0;367.65;273905.67;0
691;0;1123149.01;52648;0;78285.93;1201434.93;0
94;1;273285.11;27145;0;757800.72;1031085.83;0
328;1;43814.15;43814.15;0;4177401.35;4221215.5;1
346;1;129028.63;0;0;2354465.69;2483494.31;0
303;1;535617.72;21338;0;183881.75;719499.47;0
380;1;111867.45;0;0;127217.37;239084.83;0
211;1;70912.88;116657;45744.12;191221.28;262134.17;0
714;1;1262207.3;1262207.3;0;6623072.35;7885279.65;1
598;0;453699.35;453699.35;0;0;0;1
352;0;131396.92;0;0;8466768.5;8598165.42;0
158;1;303436.73;0;0;2330032.53;2633469.26;0
354;0;247542.29;0;0;603324.03;850866.31;0
309;1;96474.91;96474.91;0;0;96474.91;1
30;1;109401.88;109401.88;0;245588.62;354990.5;1
667;1;71554.74;71554.74;0;527488.43;599043.17;1
444;0;408864.84;408864.84;0;0;0;1
209;1;227610.81;0;0;3392850.07;3620460.89;0
90;1;134515.36;134515.36;0;29488.06;164003.41;1
307;1;185941.59;15797;0;502184.23;688125.82;0
50;0;967153.5;967153.5;0;0;0;1
399;0;145458.94;145458.94;0;0;0;1
691;1;32935.25;32935.25;0;0;32935.25;1
43;1;143138.77;61490.18;0;442912.15;586050.92;0
308;1;16680.1;263072.1;246392;436853.97;453534.07;0
34;1;55996;0;0;360010.3;416006.3;0
249;1;1306690.61;1306690.61;0;108351.28;1415041.89;1
521;0;157277;157277;0;0;0;1
94;1;2393539.65;2393539.65;0;5157128.07;7550667.73;1
286;0;103124.43;103124.43;0;0;0;1
227;0;182666.85;182666.85;0;0;0;1
108;1;566142.89;566142.89;0;1344558.46;1910701.34;1
477;1;338293.14;338293.14;0;4293922.64;4632215.78;1
625;1;20278.62;20278.62;0;12454.77;32733.39;1
279;0;98897.07;98897.07;0;0;0;1
179;1;200068.53;0;0;410353.22;610421.74;0
591;1;609239.75;609239.75;0;236427.49;845667.24;1
427;1;59749.28;59749.28;0;1279160.38;1338909.66;1
60;0;40486.25;40486.25;0;0;0;1
730;0;2154005.71;2154005.71;0;0;0;1
180;1;81864.71;0;0;3222491.9;3304356.6;0
86;1;10000000;10000000;0;0;10000000;1
208;1;4815187.09;4815187.09;0;370304.5;5185491.59;1
666;0;113336.41;113336.41;0;0;0;1
691;0;1518718.03;1518718.03;0;0;0;1
519;0;108994.49;108994.49;0;0;0;1
184;1;90346.05;90346.05;0;532789.09;623135.14;1
591;0;609239.75;609239.75;0;0;0;1
251;1;58079.36;10602;0;5515043.51;5573122.87;0
456;1;448266.86;448266.86;0;47028.83;495295.7;1
557;1;643052.88;643052.88;0;0;643052.88;1
251;1;207781.17;717488;509706.83;679154.73;775429.52;0
563;1;1565621.39;1565621.39;0;221000.18;1786621.57;1
177;0;68536.24;68536.24;0;0;0;1
20;1;38768.55;49791;11022.45;0;38768.55;0
404;0;40359.75;40359.75;0;0;0;1
212;1;206016.77;0;0;3422376.81;3628393.59;0
159;1;102761.07;50532;0;0;102761.07;0
405;1;51917.06;204691;152773.94;507269.26;559186.32;0
237;0;2333946.37;0;0;3058919.86;5392866.23;0
334;1;127094.38;167;0;47927.09;175021.47;0
224;0;99316.36;99316.36;0;0;0;1
207;1;114482.22;0;0;680401.89;794884.11;0
261;0;10672.56;0;0;431641.14;442313.7;0
378;1;178736.9;21577;0;0;178736.9;0
688;1;71062.71;159598;88535.29;681594.03;752656.74;0
101;1;2222544;2222544;0;134545.99;2357089.98;1
570;0;6789.24;86;0;495828.37;502617.61;0
626;0;44577.32;44577.32;0;0;0;1
406;1;346376.79;16357;0;649390.61;995767.4;0
487;0;321307.31;321307.31;0;0;0;1
720;1;561027.94;561027.94;0;0;561027.94;1
694;1;76582.23;76582.23;0;1869045.51;1945627.75;1
15;1;137357.52;0;0;420892.93;1117209.39;0
502;0;4758180.79;4758180.79;0;0;0;1
676;1;171572.06;171572.06;0;478287.66;649859.72;1
374;0;243747.83;243747.83;0;0;0;1
217;0;538312.05;538312.05;0;0;0;1
684;0;168303.36;168303.36;0;0;0;1
463;0;1968008.53;1968008.53;0;0;0;1
531;1;834203.65;834203.65;0;0;834203.65;1
177;1;452804.42;452804.42;0;4020;0;1
628;1;99165.12;99165.12;0;58926.37;158091.49;1
720;0;57040.65;57040.65;0;0;0;1
36;1;85319.68;705;0;511175.97;596495.65;0
356;1;78534.72;0;0;503248.03;581782.75;0
228;1;68991.04;0;0;3351334.23;3420325.27;0
136;1;7563536.91;7563536.91;0;667243.49;8265310.34;1
602;1;274125.77;274125.77;0;0;274125.77;1
330;0;61756.82;61756.82;0;0;0;1
639;0;305846.12;305846.12;0;0;0;1
441;1;739856.92;739856.92;0;0;739856.92;1
610;0;33964.87;33964.87;0;0;0;1
330;1;292214.88;0;0;8937025.22;9229240.09;0
304;0;10000000;0;0;10012717.24;30040947.5;0
538;1;37436.78;37436.78;0;0;37436.78;1
357;0;790332.43;790332.43;0;0;0;1
173;0;8594499.99;8594499.99;0;0;0;1
128;0;4483868.79;4483868.79;0;0;0;1
60;1;581421.85;581421.85;0;407848.96;989270.81;1
19;1;34652.47;49947;15294.53;0;34652.47;0
373;0;773820.89;0;0;4288511.33;5062332.22;0
136;0;142746.99;0;0;5870534.45;6013281.43;0
302;1;53710.98;11733;0;338272.75;391983.72;0
351;1;295386.2;20740;0;65903.14;361289.34;0
45;0;217255.97;217255.97;0;0;0;1
189;1;203211.05;0;0;1152767.42;1355978.47;0
333;0;2070939.88;2070939.88;0;0;0;1
331;1;78558.5;107109;28550.5;103952.87;182511.36;0
9;1;1055;1055;0;75179;0;1
543;0;2558618.27;2558618.27;0;0;0;1
317;1;1160652.82;1160652.82;0;249210.51;1409863.33;1
132;1;338278.55;0;0;1066556.66;1404835.21;0
304;1;261474.28;0;0;446210.62;707684.9;0
175;1;895565.06;895565.06;0;100335.14;995900.2;1
178;1;547497.08;5073;0;1574746.76;2506638.83;0
403;0;674719.58;9146;0;1640186.6;2314906.19;0
180;1;159577.11;0;0;2012386.14;2171963.25;0
691;0;1193525.75;4506;0;779547.08;1973072.83;0
160;1;140603.88;267;0;0;272617.28;0
490;1;3641525.7;3641525.7;0;599102.39;4240628.09;1
305;1;351212;49981;0;681757.63;1032969.63;0
235;1;422632.95;0;0;2875777.99;3298410.93;0
282;1;32536.59;246318.78;213782.19;7762988.76;7795525.35;0
36;0;819503.92;819503.92;0;0;0;1
231;1;179864.43;42106;0;0;179864.43;0
235;1;245471.04;0;0;7984451.17;7985028.09;0
280;1;227567.61;0;0;845909.96;1073477.57;0
296;1;890964.06;890964.06;0;171113.6;1062077.66;1
183;1;429724.23;0;0;2587639.44;3017363.67;0
396;1;146049.66;0;0;158921.57;304971.23;0
207;0;87725.64;49503;0;0;87725.64;0
497;1;1939519.45;1939519.45;0;38036.62;1977556.07;1
549;1;1571565.56;1571565.56;0;0;1571565.56;1
186;0;179321.12;179321.12;0;0;0;1
614;0;125464.46;125464.46;0;0;0;1
18;1;127660.11;133;0;1425634.84;1922886.66;0
205;0;745735.54;40715;0;3734843.05;4480578.59;0
328;1;397484.11;16319;0;5568.84;403052.95;0
200;1;159232.01;159232.01;0;0;159232.01;1
324;1;63059.95;0;0;346452.68;409512.63;0
12;1;298733.69;981;0;0;138059.62;0
132;1;2479940.21;2479940.21;0;0;2479940.21;1
544;0;776578.29;880;0;0;776578.29;0
256;1;137981.61;21302;0;0;137981.61;0
212;0;3640983.71;3640983.71;0;0;0;1
12;1;197147.63;1061;0;48215.22;386167.7;0
354;1;277136.46;15390;0;11017270.61;11294407.07;0
69;0;7728992.56;7728992.56;0;0;0;1
32;1;401575.19;401575.19;0;0;401575.19;1
380;1;87659.32;33998;0;0;87659.32;0
567;1;126967.64;0;0;22308732.04;22435699.67;0
40;1;125944.17;0;0;318796.51;444740.68;0
139;1;393975.32;52982;0;0;393975.32;0
34;1;29780.17;20335;0;11437;103622.11;0
425;1;10000000;10000000;0;10662599.15;20662599.15;1
375;1;252873.6;0;0;301246.9;554120.5;0
635;0;13128.49;13128.49;0;0;0;1
229;0;780066.22;780066.22;0;0;0;1
34;1;188230.68;0;0;845543.78;914611.45;0
229;1;25094.66;30866;5771.34;75533.7;100628.36;0
302;1;134214.77;210466;76251.23;388281.32;522496.09;0
97;0;388588.58;0;0;5529351.54;5917940.12;0
254;0;851204.06;0;0;979142.09;1830346.15;0
617;0;383336.32;343727;0;917355.26;1300691.59;0
324;1;492697.27;50234;0;0;492697.27;0
37;1;56362.8;0;0;550731.37;607094.17;0
37;1;166924.79;0;0;1665630.57;1832555.37;0
677;1;1136374.62;1136374.62;0;820273.26;1956647.88;1
376;1;71180.73;0;0;6809690.72;6880871.45;0
17;1;185653.5;25445;0;4774;219963.28;0
665;1;454483.23;454483.23;0;3101746.61;3556229.83;1
209;1;161055.56;697556;536500.44;57918;218973.56;0
20;1;245374.24;0;0;589842.68;835216.92;0
326;1;298764.55;114022;0;15272.09;314036.64;0
294;1;3731378.32;3731378.32;0;298582.59;4029960.92;1
473;0;36996.83;36996.83;0;0;0;1
208;0;115930.23;0;0;725243.15;841173.38;0
468;0;652782.54;652782.54;0;0;0;1
230;0;48078.85;48078.85;0;0;0;1
394;1;240315.35;20197;0;2333361.88;2573677.24;0
690;0;912950.54;912950.54;0;0;0;1
349;1;408849.56;31120;0;748014.22;1156863.78;0
453;0;2600970.32;2600970.32;0;0;0;1
164;1;439138.65;263563.9;0;4994945.5;5123301.23;0
249;1;12855.05;12855.05;0;2753536.73;2766391.78;1
671;0;3544.76;3544.76;0;0;0;1
130;1;225260.55;0;0;3441206.15;3666466.7;0
375;0;101110.04;0;0;779020.74;880130.78;0
308;1;368407.76;0;0;2276703.43;2645111.19;0
561;1;31945.44;31945.44;0;95415.09;127360.53;1
133;0;1159010.44;1159010.44;0;0;0;1
331;1;6865.99;0;0;98934.01;105800;0
42;1;115326.46;9945;0;7939576.18;8054902.63;0
19;1;117531.52;22156.87;0;899832.36;1017363.88;0
143;1;404448.21;0;0;1264849.06;1669297.27;0
522;1;1543975.74;1543975.74;0;273464.29;1817440.03;1
457;0;879136.17;879136.17;0;0;0;1
686;0;107732.98;107732.98;0;0;0;1
322;0;20986.02;20986.02;0;0;0;1
77;1;5715004.3;5715004.3;0;318309.23;6033313.53;1
413;1;8536151.16;8536151.16;0;339032.24;8875183.4;1
361;1;54892.98;54892.98;0;0;54892.98;1
162;0;1046647;215290;0;1096016.96;2142663.96;0
339;0;343177.04;343177.04;0;0;0;1
198;0;152961.49;152961.49;0;0;0;1
354;1;91050.61;0;0;3538944.54;3629995.14;0
22;0;1357230.27;0;0;14634719.95;15991950.22;0
477;0;815297.9;815297.9;0;0;0;1
374;1;243747.83;243747.83;0;972569.6;1216317.42;1
274;1;220673.3;20903;0;1817681.07;2038354.37;0
399;0;1442075.9;1442075.9;0;0;0;1
410;0;950791.37;950791.37;0;0;0;1
671;1;152724.32;152724.32;0;0;152724.32;1
134;0;129103.81;0;0;2408450.57;2537554.38;0
44;0;313338.02;69731;0;267290.35;580628.37;0
600;0;2095699.93;2095699.93;0;0;0;1
251;1;122154.09;143827;21672.91;0;122154.09;0
650;1;50523.78;50523.78;0;0;50523.78;1
212;0;10000000;34953893.08;24953893.08;0;0;1
654;0;48712.12;48712.12;0;0;0;1
157;1;691308.57;21140;0;1131225.89;1905916.01;0
155;1;10207.48;14698;4490.52;2459452.15;2469659.63;0
36;1;81572.2;906;0;675;0;0
403;1;274501;0;0;46365954.78;46640455.78;0
348;1;297463.74;0;0;1083062.82;1380526.56;0
140;1;65248.82;571857;506608.18;28717.7;93966.52;0
533;1;495977.84;495977.84;0;236230516.8;236726494.7;1
42;0;5032484.73;5032484.73;0;0;0;1
277;1;53796.28;0;0;762324.42;816120.7;0
40;1;160594.18;50355;0;0;160594.18;0
137;1;143322.66;27966;0;0;143322.66;0
727;1;124582.58;124582.58;0;320485.06;445067.64;1
322;0;689480.84;0;0;9949385.78;10638866.62;0
583;0;333390.18;333390.18;0;0;0;1
350;0;915672.67;915672.67;0;0;0;1
27;1;496128.26;496128.26;0;465770.07;961898.33;1
181;0;955505.54;955505.54;0;0;0;1
155;0;242179.39;242179.39;0;0;0;1
389;1;1312947.27;1312947.27;0;251046.58;1563993.85;1
329;1;259454.49;0;0;5822540.45;6081994.95;0
572;1;1068952.42;1068952.42;0;0;1068952.42;1
587;1;1249721.72;1249721.72;0;62174.21;1311895.93;1
228;1;106805.05;0;0;274633.27;381438.32;0
534;1;771024.82;771024.82;0;121864.03;892888.86;1
354;1;95179.22;0;0;185210.79;280390.01;0
17;1;168681.69;38168.38;0;1853;170534.69;0
180;1;77275.41;20646;0;0;77275.41;0
181;1;332729.54;0;0;613712.35;946441.9;1
162;0;469160.03;0;0;1085802.56;1554962.58;0
704;1;339152.24;339152.24;0;0;339152.24;1
736;0;537539.57;537539.57;0;0;0;1
282;1;4528.09;0;0;189494.3;194022.39;0
235;1;546601.16;31727;0;764486.86;1311088.01;0
347;1;193528.05;299580;106051.95;1427938.1;1621466.15;0
43;1;151074.49;338964;187889.51;2914797.72;3065872.22;0
18;0;688405.81;0;0;844192.03;1532597.84;0
130;1;70749.69;0;0;1479733.75;1550483.44;0
185;0;87913.36;0;0;488729.13;576642.49;0
164;0;374362.57;0;0;466516.27;840878.84;0
15;1;172006.7;327269.01;155262.32;911944.89;1083951.59;0
35;0;171788.82;171788.82;0;0;0;1
581;1;155002.83;155002.83;0;0;155002.83;1
85;1;678058.75;678058.75;0;7175958.36;7854017.11;1
427;0;4892226.25;4892226.25;0;0;0;1
629;1;1650.08;1650.08;0;0;1650.08;1
679;0;3150438.28;3150438.28;0;0;0;1
353;1;93602.38;2009;0;297126.93;390729.31;0
38;1;360688.3;360688.3;0;0;360688.3;1
306;1;121171.34;27901;0;310657.46;431828.8;0
723;1;72955.08;72955.08;0;0;72955.08;1
374;1;114338.88;0;0;1935273.49;2049612.37;0
190;1;10000000;10000000;0;2876.18;10002876.18;1
740;0;1755647.81;1755647.81;0;0;0;1
622;0;668273.94;668273.94;0;0;0;1
16;0;339405.42;0;0;507846.09;1075286.66;0
354;1;29882.76;0;0;104838.86;134721.62;0
310;1;62474.33;0;0;2013685.63;2076159.96;0
37;0;1667568;235410;0;218711.65;1886279.65;0
639;1;45890.12;45890.12;0;3851863.42;3897753.54;1
732;1;59677.48;59677.48;0;2249904.97;2309582.45;1
614;0;2739248.3;2739248.3;0;0;0;1
262;0;157879.97;0;0;299435.61;457315.58;0
42;1;347648.19;10993;0;7542395.88;7890044.06;0
382;0;565346.12;565346.12;0;0;0;1
224;1;107351.33;107351.33;0;3976355.4;4083706.73;1
201;1;83952.57;140990.11;57037.54;19899553.52;19983506.1;0
251;1;270516.81;0;0;4675670.17;4946186.98;0
502;1;669536.75;669536.75;0;178669.97;848206.72;1
323;1;250144.58;80206;0;0;250144.58;0
305;1;339965.58;31919;0;2024359.39;2364324.98;0
172;1;692984.55;692984.55;0;758852.8;1451837.35;1
497;1;1177100.83;1177100.83;0;0;1177100.83;1
606;1;6575903.12;6575903.12;0;332252.21;6908155.33;1
162;1;43043.07;95;0;2675528.53;2718571.6;0
468;1;1165187.89;1165187.89;0;0;1165187.89;1
55;0;309254.05;309254.05;0;0;0;1
154;0;1122062.71;20003;0;202482.05;1324544.75;0
425;1;486175.4;486175.4;0;0;486175.4;1
444;0;1108140.19;1108140.19;0;0;0;1
235;1;101225.12;0;0;9131701.93;9232927.05;0
617;1;0;0;0;0;0;1
219;1;555731.98;555731.98;0;78575.49;634307.48;1
371;1;74347.54;137;0;0;74347.54;0
271;0;64319.46;64319.46;0;0;0;1
231;1;69453.96;0;0;262805.7;332259.66;0
256;1;346888.3;9004;0;616908.44;963796.75;0
37;1;180751.05;0;0;564724.93;745475.98;0
584;1;645135.6;645135.6;0;162359.56;807495.15;1
175;1;319208.14;319208.14;0;1905620.3;2224828.44;1
184;0;972881.43;0;0;5863186.47;6554088.29;0
254;0;900362.48;900362.48;0;0;0;1
578;0;6274752.67;6274752.67;0;0;0;1
306;1;11845.63;0;0;680563.74;692409.36;0
250;1;331028.89;6182;0;876910.08;1207938.97;0
741;0;48442.88;48442.88;0;0;0;1
517;1;138482.53;199191;60708.47;0;138482.53;0
352;1;140825.3;12328;0;0;140825.3;0
358;1;1438737.78;1438737.78;0;7014552.73;8453290.51;1
185;1;8971.99;0;0;89099.57;98071.57;0
345;0;128936.95;128936.95;0;0;0;1
679;1;198383.8;198383.8;0;2367972.08;2566355.88;1
225;1;249384.03;3;0;0;249384.03;0
229;0;38580.45;38580.45;0;0;0;1
211;1;85318.63;151590;66271.37;7198805.5;7284124.13;0
641;0;2205.55;2205.55;0;0;0;1
425;0;19421.77;19421.77;0;0;0;1
138;1;223063.99;16348;0;319956.55;543020.54;0
167;1;229768.97;0;0;2085765.16;2315534.13;0
164;1;1627389.26;1627389.26;0;327368.64;2039219.38;1
647;1;964876.58;964876.58;0;203741.11;1168617.69;1
621;1;3582885.46;3582885.46;0;104200.92;3687086.37;1
358;1;157846.41;39728;0;105210.32;263056.73;0
486;1;1290619.25;1290619.25;0;0;1290619.25;1
659;0;1321984.45;1321984.45;0;0;0;1
335;1;239768.78;0;0;2574666.91;2814435.69;0
522;1;194746.99;213964;19217.01;1263113.16;1457860.16;0
308;1;53693.22;0;0;1219347.67;1273040.89;0
621;1;348751.45;348751.45;0;698.29;349449.75;1
403;0;236852.35;0;0;317139.96;553992.32;0
501;0;73328.47;73328.47;0;0;0;1
595;0;335094.53;335094.53;0;0;0;1
331;1;160191.82;0;0;260805.88;420997.7;0
431;1;526071.46;526071.46;0;987448.67;1513520.12;1
120;0;105859.41;105859.41;0;0;0;1
534;0;209340.53;209340.53;0;0;0;1
41;0;434781.06;105724;0;850328.24;1285109.3;0
277;1;127144.99;0;0;479104.62;606249.61;0
528;0;11070.29;11070.29;0;0;0;1
696;1;44044.79;44044.79;0;0;44044.79;1
620;0;18405.16;18405.16;0;0;0;1
282;0;1709224.02;1709224.02;0;0;0;1
493;1;204090.2;0;0;41832813.36;42036903.56;0
153;0;412511.32;412511.32;0;0;0;1
628;0;99165.12;99165.12;0;0;0;1
132;1;30856.87;0;0;2331124.99;2361981.86;0
326;1;325580.44;0;0;564116.31;889696.75;0
315;1;5863.97;5863.97;0;0;5863.97;1
327;1;508280.77;0;0;2017905.94;2526186.71;0
325;1;233871.5;0;0;303819.02;537690.52;0
202;1;287250.68;0;0;814472.95;1101723.63;0
594;0;28936.11;28936.11;0;0;0;1
554;1;353785.26;353785.26;0;0;353785.26;1
232;1;197364.89;19908;0;34435.55;231800.43;0
724;1;200482.72;200482.72;0;254271.49;454754.21;1
36;0;1082254.42;8748;0;29587.26;1111841.68;0
329;1;241222.4;0;0;4010342.67;4251565.07;0
243;1;1290193.08;1290193.08;0;0;1290193.08;1
36;1;514749.39;49626;0;8654.66;595800.1;0
157;1;116363.75;30269;0;2092653.76;2209017.51;0
135;1;221881.97;105387;0;519289.12;741171.1;0
693;1;1018645.2;1018645.2;0;80713.83;1099359.03;1
537;0;34238.2;34238.2;0;0;0;1
563;0;1565621.39;1565621.39;0;0;0;1
307;1;143909.37;0;0;1320552.49;1464461.86;0
139;0;1865196.41;0;0;4786511.93;6651708.34;0
33;0;3295227.84;3295227.84;0;0;0;1
275;1;342185.06;0;0;1852862.5;2195047.56;0
204;0;183792.25;0;0;346866.77;530659.01;0
521;1;98086.09;98086.09;0;0;98086.09;1
177;1;119583.33;18052;0;102712.91;222296.23;0
567;0;249778.81;0;0;858208.34;1107987.15;0
353;1;205803.88;7042;0;0;205803.88;0
168;1;166727.42;0;0;600421.94;767149.36;0
249;1;3138.25;3138.25;0;249297.18;252435.43;1
397;1;50440.48;83485;33044.52;0;50440.48;0
576;0;884821.37;884821.37;0;0;0;1
270;1;134623.95;134623.95;0;731682.46;866306.41;1
353;1;296155.77;0;0;25588238.86;25884394.63;0
303;1;10000000;10000000;0;339202.58;10339202.58;1
298;1;301065.8;113775;0;140904.39;441970.19;0
206;0;235750.53;235750.53;0;0;0;1
328;1;6391.6;6391.6;0;2954292.05;2960683.65;1
392;1;251832.96;251832.96;0;392591.73;644424.68;1
153;0;234853.95;234853.95;0;0;0;1
159;1;34365.71;21660;0;299690.98;334056.7;0
625;1;2654302.46;2654302.46;0;1429770.91;4084073.37;1
9;1;419726.44;15664;0;86;228916.64;0
90;1;39664.74;39664.74;0;0;39664.74;1
235;0;201912.61;0;0;1015756.72;1217669.33;0
161;0;1336901.11;1336901.11;0;0;0;1
395;1;184707.7;218666;33958.3;0;184707.7;0
403;1;196254.03;196254.03;0;0;196254.03;1
601;1;414973.48;414973.48;0;331305.86;746279.34;1
213;1;60832.32;0;0;1395748.79;1456581.1;0
60;0;1026208.84;1026208.84;0;0;0;1
692;1;78299.32;0;0;756802.99;835102.31;0
359;0;2056779.24;2056779.24;0;0;0;1
394;1;112817.06;0;0;80740716.65;80853533.71;0
424;1;1346264.61;1346264.61;0;1806026.36;3152290.97;1
509;0;2656973.04;2656973.04;0;0;0;1
538;1;2136099.59;2136099.59;0;466582.86;2602682.46;1
164;1;129925.8;203869;73943.2;88142.24;218068.04;0
420;0;341956.42;341956.42;0;0;0;1
648;0;398045.73;398045.73;0;0;0;1
17;0;1579215.72;0;0;3621631.56;5200847.28;0
406;1;134467.76;0;0;8874149.49;9008617.25;0
160;0;360749.76;360749.76;0;0;0;1
409;1;71921.7;71921.7;0;42131.23;114052.93;1
40;1;744174.61;0;0;4877692.24;5621866.85;0
657;0;1619313.55;1619313.55;0;0;0;1
316;0;1340263.67;1340263.67;0;0;0;1
554;0;3576297.1;3576297.1;3576297.1;0;0;1
277;0;660623.09;0;0;820795.92;1481419.01;0
393;0;3306987.35;10197;0;1120144.86;4427132.21;0
211;0;1049232.11;1049232.11;0;0;0;1
337;1;658637.38;658637.38;0;0;658637.38;1
98;0;1122508.34;1122508.34;0;0;0;1
405;1;166361.06;0;0;498619.25;664980.31;0
209;1;111662.21;0;0;801559.08;913221.29;0
252;0;76200.04;76200.04;0;0;0;1
25;1;217231;217231;0;7236671.1;7453902.1;1
276;1;180046.12;159829.56;0;1506873.58;1686919.7;0
639;0;45890.12;45890.12;0;0;0;1
148;1;99168.97;99168.97;0;360.3;99529.27;1
105;0;1457085.28;1457085.28;0;0;0;1
685;0;10000000;14886423.05;4886423.05;0;0;1
243;1;5044147.53;5044147.53;0;0;5044147.53;1
414;1;4602636.68;4602636.68;0;0;4602636.68;1
58;1;378688.65;378688.65;0;0;378688.65;1
685;1;1933121.35;1933121.35;0;298353.09;2231474.43;1
651;1;9996886.64;9996886.64;0;20429.76;10017316.4;1
403;0;869965.72;0;0;5618615.73;6488581.45;0
719;1;119306.06;119306.06;0;4040.44;123346.5;1
363;1;7703574.71;7703574.71;0;0;7703574.71;1
520;1;5469910.99;5469910.99;0;115992.44;5585903.43;1
520;0;53325.6;53325.6;0;0;0;1
349;1;59408.54;10014;0;0;59408.54;0
394;1;201103.17;15999;0;812014.58;1013117.75;0
701;0;79581.24;79581.24;0;0;0;1
258;1;29280.46;29280.46;0;35970.91;65251.38;1
203;0;618806.14;147627;0;1017146.36;1635952.5;0
42;1;89194.4;0;0;573189.33;662383.73;0
610;1;633459.44;633459.44;0;0;633459.44;1
254;1;70988.34;0;0;5936901.14;6007889.47;0
433;1;1191183.65;1191183.65;0;0;1191183.65;1
186;1;26909.3;197922.43;171013.13;451317.1;478226.4;0
486;1;4505012.56;4505012.56;0;0;4505012.56;1
72;0;10000000;18594065.09;8594065.09;0;0;1
14;1;498029.49;203307;0;2004328.64;2662859.04;0
156;1;405232.53;0;0;1272846.16;1678078.69;0
551;1;127840.03;397369;269528.97;14048.89;141888.91;0
154;1;186911.29;0;0;762188.9;949100.19;0
398;1;5618179.9;5618179.9;0;0;5618179.9;1
401;1;197564.24;68349.58;0;682442.51;880006.75;0
20;1;96413.83;778662.68;682248.85;972627.17;923893.42;0
276;1;69695.32;0;0;73581.08;143276.41;0
259;1;11730.3;0;0;503256.54;514986.84;0
212;0;1947807.58;1947807.58;0;0;0;1
46;1;9977761.05;9977761.05;0;0;9977761.05;1
325;1;268168.86;37489;0;0;268168.86;0
163;1;79889.49;11301;0;283507.52;578495.86;0
258;1;37629.93;203221;165591.07;0;37629.93;0
164;1;217012.91;0;0;530059.25;747072.16;0
440;0;1102791.66;1102791.66;0;0;0;1
353;1;10495.27;0;0;193460.66;203955.93;0
66;0;548269.98;548269.98;0;0;0;1
523;1;121543.83;121543.83;0;64845.34;186389.17;1
300;1;794421.26;794421.26;0;23123.74;817545;1
44;1;123985.4;1023;0;266977.82;390963.22;0
257;1;16351.81;161848;145496.19;94229.94;110581.74;0
299;1;1150561.97;1150561.97;0;497440.37;1648002.34;1
391;0;495773.64;495773.64;0;0;0;1
254;1;137410.27;15452;0;0;137410.27;0
249;1;2085019.56;2085019.56;0;152830.87;2237850.44;1
236;1;155722.14;25741;0;582291.34;738013.48;0
182;0;631820.52;0;0;4341435.21;4973255.73;0
298;0;1522603.77;242200;0;77836.47;1600440.24;0
36;1;163533.29;0;0;2223518.58;2626240.65;0
352;0;1934995.58;0;0;3226985.2;5161980.78;0
356;1;119919.03;0;0;509085.85;629004.88;0
199;1;465498.74;465498.74;0;3709348.65;4174847.39;1
379;1;179314.64;1469;0;0;179314.64;0
394;1;124799.32;85701;0;0;124799.32;0
145;1;34301.19;34301.19;0;0;34301.19;1
485;0;471906.6;471906.6;0;0;0;1
730;1;10000000;10000000;0;819130.39;10819130.39;1
141;0;455372.54;455372.54;0;0;0;1
285;0;4452001.07;4452001.07;0;0;0;1
307;1;1749325.14;1749325.14;0;1327198.86;3076524;1
310;0;1334919.42;1334919.42;0;0;0;1
236;0;160633.86;18997;0;1677037.79;1837671.65;0
275;1;127083.8;198;0;899344.38;1026428.18;0
734;1;23912.2;23912.2;0;338951.65;362863.85;1
323;0;1923757.01;344;0;6906.14;1930663.15;0
137;1;1010857.38;1010857.38;0;0;1010857.38;1
204;1;32053.76;473060;441006.24;543395.69;575449.45;0
392;0;193706.98;193706.98;0;0;0;1
690;1;34667.66;10507;0;331075.58;365743.25;0
373;1;331919.28;1346;0;5272598.86;5604518.14;0
715;1;240179.04;231;0;4017.44;244196.47;0
282;1;35592.27;0;0;69167.75;104760.02;0
211;1;187301.77;11028;0;281912.58;469214.35;0
233;0;157353.39;157353.39;0;0;0;1
402;1;143592.89;143592.89;0;0;143592.89;1
485;1;277485.25;277485.25;0;0;277485.25;1
528;0;181224.98;181224.98;0;0;0;1
436;1;59841.44;59841.44;0;0;59841.44;1
236;1;7868.51;0;0;399230.2;407098.71;0
201;0;564699.59;564699.59;0;0;0;1
274;1;131594.12;131594.12;0;0;131594.12;1
304;1;142033.16;50754;0;567495.96;709529.11;0
467;0;171623.1;171623.1;0;0;0;1
322;1;743079.29;107752;0;0;645933.69;0
321;1;59628.24;59628.24;0;686111.28;745739.53;1
588;0;800022.71;0;0;3997528.58;4797551.29;0
7;1;262434.54;262434.54;0;19525.79;438233.86;1
37;1;330531.1;20969;0;66850.36;397381.46;0
710;1;7418265.31;7418265.31;0;0;7418265.31;1
95;1;53062.52;53062.52;0;4256174.24;4309236.76;1
326;1;655361.11;0;0;1616311.15;2271672.26;0
119;0;2040209.74;2040209.74;0;0;0;1
588;0;2709729.22;2709729.22;0;0;0;1
9;1;39093.92;230329.49;191235.57;212693;321274.59;0
380;1;224944.13;0;0;330429.86;555373.99;0
299;1;100801.39;24239;0;0;100801.39;0
153;1;529049.3;1902;0;88419.9;617469.19;0
659;1;179842.78;136596.54;0;712103.26;891946.04;0
436;0;591766.42;591766.42;0;0;0;1
61;1;55062.46;55062.46;0;0;55062.46;1
402;1;36998;15245;0;0;36998;0
671;0;3441041.46;3441041.46;3441041.46;0;0;1
563;0;102371.12;102371.12;0;0;0;1
117;0;251621.18;251621.18;0;0;0;1
684;1;340234.64;364;0;1808862.19;2149096.82;0
297;1;301750.5;26837;0;84172.6;385923.1;0
598;1;95018.29;0;0;291428.4;386446.69;0
519;1;1049424.26;1049424.26;0;0;1049424.26;1
154;1;80979.09;200207;119227.91;0;80979.09;0
608;0;353094.9;353094.9;0;0;0;1
208;0;236067.15;6021;0;12827.47;248894.61;0
269;0;32527;32527;0;0;0;1
113;0;37119.58;37119.58;0;0;0;1
250;0;156039.36;156039.36;0;0;0;1
344;1;2231580.5;2231580.5;0;499195.63;2730776.13;1
304;1;289109.21;36971;0;1056560.08;1345669.29;0
410;0;281439.26;281439.26;0;0;0;1
47;1;2249574.01;2249574.01;0;3785286.98;6034861;1
330;1;240955.74;1267;0;0;240955.74;0
332;1;152790.8;0;0;775419.28;928210.07;0
219;0;555731.98;555731.98;0;0;0;1
126;0;1244037.74;1244037.74;0;0;0;1
355;0;335325.44;0;0;1054626.58;1389952.02;0
380;1;70125.14;70125.14;0;7303214.4;7373339.54;1
469;0;6484526.8;6484526.8;0;0;0;1
117;0;4032691.34;4032691.34;0;0;0;1
305;1;274365.3;10247;0;486384.44;760749.74;0
106;1;1409248.64;1409248.64;0;914125.46;2323374.1;1
130;1;464472.22;21856;0;1551009.3;2015481.52;0
107;0;204675.48;204675.48;0;0;0;1
14;1;65488.05;65488.05;0;0;65488.05;1
428;0;3037.67;3037.67;0;0;0;1
353;1;143053.4;260485.63;117432.22;6094541.59;6237595;0
226;1;9960382.4;9960382.4;0;95048.58;10055430.98;1
234;1;470922.15;470922.15;0;0;470922.15;1
72;0;730574.39;730574.39;0;0;0;1
385;0;620512.76;620512.76;0;0;0;1
156;1;211633.67;0;0;737851.45;949485.12;0
18;1;1144089.37;1144089.37;0;2502877.26;3879210.29;1
139;1;158366.4;0;0;8881243.42;8928597.78;0
355;0;256067.01;0;0;1421504.79;1677571.8;0
160;0;10000000;27670038.08;17670038.08;0;0;1
284;0;599868.36;3266;0;731259.15;1331127.51;0
331;0;105262.06;0;0;7128922.25;7234184.31;0
212;0;385164.91;0;0;1047039.05;1432203.95;0
44;1;4260.85;0;0;174864.6;179125.46;0
178;1;100097.09;0;0;212788.96;312886.05;0
370;1;563149.41;563149.41;0;65562.72;628712.13;1
399;1;36508.48;586;0;0;36508.48;0
425;1;0;0;0;2921531.34;2921531.34;1
48;1;561374.78;561374.78;0;5726683.53;6288058.31;1
134;0;543222.82;42209.85;0;4184909.11;4728131.94;0
38;0;314937.22;0;0;5284031.72;5598968.94;0
692;0;6856104.02;6856104.02;0;0;0;1
164;1;121910.95;0;0;1813042.36;1934953.31;0
299;1;326875.85;0;0;525189.55;852065.4;0
182;1;139367.62;0;0;142617.58;281985.21;0
185;1;210476.29;0;0;909216.27;1119692.57;0
191;1;135200.37;135200.37;0;84522.15;219722.52;1
697;1;106850.22;106850.22;0;225081.54;331931.76;1
202;1;420498.77;27271;0;0;420498.77;0
132;1;25187.76;183;0;1929599.26;1954787.01;0
185;0;131597.73;131597.73;0;0;0;1
14;1;101497.32;45479.35;0;455647.51;721502.67;0
680;0;227668.22;227668.22;0;0;0;1
419;0;533092.45;533092.45;0;0;0;1
289;1;37974.85;37974.85;0;939922.78;977897.62;1
211;0;78376.57;57118;0;0;78376.57;0
425;1;10000000;10000000;0;1727027.89;11727027.89;1
319;1;4895343.33;4895343.33;0;286035.4;5181378.73;1
129;1;516516.61;0;0;2918385.77;3434902.38;0
381;1;703882.14;703882.14;0;100650.86;804533.01;1
216;0;1697655.62;1697655.62;0;0;0;1
119;0;21698.13;21698.13;0;0;0;1
324;0;428768.46;0;0;829393.31;1116334.26;0
266;1;10000000;10000000;0;499610.16;10499610.16;1
72;1;730574.39;730574.39;0;183897.18;914471.57;1
41;1;243580.46;2382;0;2023339.51;2266919.97;0
135;0;1245604.31;32311;0;2858152.77;4103757.08;0
209;1;113658.79;907;0;10677942.78;10791601.57;0
321;1;12147.07;0;0;879321.43;891468.51;0
258;1;165829.02;213980;48150.98;330899.71;496728.73;0
41;0;154057.79;880;0;0;286321.42;0
15;1;63784.08;0;0;172166.73;235950.82;0
642;0;20281.44;20281.44;0;0;0;1
495;1;797710.8;797710.8;0;49988.57;847699.37;1
284;1;99774.17;0;0;414613.26;576261.84;0
404;1;27227.35;75134;47906.65;63606.16;90833.51;0
281;1;1030417.74;1030417.74;0;0;1030417.74;1
699;0;2763398.31;2763398.31;0;0;0;1
371;1;183899.6;0;0;235064.06;418963.66;0
226;0;344496.69;7753;0;3169.67;347666.36;0
129;1;247776;21973;0;42637.71;290413.71;0
596;1;434401.5;434401.5;0;542289.09;976690.59;1
373;1;206881.83;0;0;374138.34;581020.17;0
464;0;86111.65;86111.65;0;0;0;1
198;1;152961.49;152961.49;0;12414395.47;12567356.96;1
260;1;7920.83;0;0;3495881.57;3503802.4;0
609;0;228706.19;228706.19;0;0;0;1
178;1;146463.93;0;0;630690.16;777154.09;0
637;1;3845765.36;3845765.36;0;0;3845765.36;1
14;1;270701.24;5043;0;9483324.19;9754025.43;0
143;1;171337.99;171337.99;0;359188.01;530526.01;1
301;1;330475.84;31353;0;2187199.82;2517675.66;0
664;0;4651.43;4651.43;0;0;0;1
514;1;105072.72;3306;0;0;105072.72;0
19;1;122101.57;0;0;0;639940.2;1
403;1;27775.49;0;0;169470.22;197245.71;0
231;0;1342530.58;30433;0;0;1570627.29;0
301;1;63014.64;126608;63593.36;0;63014.64;0
491;0;1122827.94;1122827.94;0;0;0;1
211;1;93157.34;20534;0;0;93157.34;0
133;1;625840.55;36763;0;1072811.01;1698651.56;0
164;1;17663.74;137981;120317.26;0;17663.74;0
38;0;17524.56;0;0;474862.77;492387.33;0
576;1;25040.78;25040.78;0;0;25040.78;1
611;1;904338.88;904338.88;0;0;904338.88;1
21;1;18690.81;0;0;1379523.27;1997305.84;0
18;1;202715.23;0;0;3413321.75;3732927.03;0
256;1;167901.18;805152;637250.82;0;167901.18;0
330;1;320205.06;30584;0;0;320205.06;0
150;0;1994285.14;1994285.14;0;0;0;1
183;1;197519.73;0;0;217665.76;308004.57;0
226;1;28271.56;61706;33434.44;0;28271.56;0
187;0;856386.66;856386.66;0;0;0;1
69;1;19776.71;19776.71;0;1138941.53;1158718.24;1
452;0;1138384.29;1138384.29;0;0;0;1
210;0;23610.85;23610.85;0;0;0;1
346;1;378376.95;0;0;1197607.88;1478628.27;0
207;1;227541.95;0;0;3315635.24;3760624.37;0
442;1;2758096;2758096;0;128192.29;2886288.29;1
130;1;21531;21531;0;0;21531;1
592;1;1170213.18;1170213.18;0;236605.22;1406818.41;1
40;1;2757431.53;2757431.53;0;0;2757431.53;1
190;1;90827.63;0;0;402847.05;493674.68;0
603;1;4099382.36;4099382.36;0;0;4099382.36;1
183;1;306736.59;39753;0;847352.77;1517201.23;0
16;1;185778.24;0;0;9259082.74;9714164.4;0
249;1;79661.71;46135;0;0;79661.71;0
673;1;145067.24;145067.24;0;1415212.22;1560279.46;1
182;1;269340.05;9101;0;0;269340.05;0
621;0;3054359.4;3054359.4;0;0;0;1
491;1;1265033.25;1265033.25;0;68292.18;1333325.43;1
414;1;537641.8;537641.8;0;55732.77;593374.56;1
15;1;374066.97;169711;0;966294.77;1228580.52;0
399;1;266220.11;221;0;12947929.33;13214149.44;0
646;0;10000000;16468916.64;6468916.64;0;0;1
377;0;73946.79;73946.79;0;0;0;1
325;1;266950.91;25403;0;446502.17;713453.08;0
644;1;228751.77;228751.77;0;702234.36;930986.13;1
476;1;152420.76;38;0;0;152420.76;0
249;1;369448.2;369448.2;0;0;369448.2;1
198;1;7620549.14;7620549.14;0;128355.13;7748904.27;1
203;1;10271.89;59571;49299.11;721343.24;731615.13;0
300;0;761026.43;0;0;1144549.26;1905575.69;0
46;0;338033.37;0;0;610538.48;948571.85;0
328;1;133853.56;0;0;154498.41;288351.96;0
296;0;717046.74;717046.74;0;0;0;1
277;0;150090.17;17488;0;0;150090.17;0
395;1;135889.62;9078;0;2667683.7;2585158.73;0
156;1;822361.52;822361.52;0;132201.9;954563.41;1
224;0;8111.09;8111.09;0;0;0;1
672;1;330756.72;330756.72;0;251495.1;582251.83;1
329;0;403813.77;0;0;623150.62;1026964.39;0
362;1;7677120.59;7677120.59;0;14712164.85;22389285.44;1
39;0;18887;18887;0;0;0;1
349;1;80800.21;80800.21;0;0;80800.21;1
90;1;249791.3;249791.3;0;0;249791.3;1
42;1;5032484.73;5032484.73;0;873589.17;5906073.9;1
572;0;262960.23;262960.23;0;0;0;1
351;1;211926.81;51608;0;0;211926.81;0
19;1;112047.47;6265;0;107186.21;176511.55;0
183;1;2075328.73;2075328.73;0;0;2075328.73;1
232;1;114791.92;130;0;0;114791.92;0
43;1;124299.39;15691;0;2129578.01;2253877.41;0
95;0;56745.14;56745.14;0;0;0;1
281;0;2554662.97;2554662.97;0;0;0;1
501;1;8020192.15;8020192.15;0;2435.09;8022627.23;1
258;1;2684142.41;2684142.41;0;209538.74;2893681.15;1
183;0;1503297.45;1503297.45;0;0;0;1
195;0;71323.49;71323.49;0;0;0;1
326;1;16865.68;46442;29576.32;0;16865.68;0
115;1;116977.16;116977.16;0;285995.28;402972.44;1
274;0;131594.12;131594.12;0;0;0;1
131;1;612749.55;36617;0;1034660.17;1750199.72;0
302;1;43235.71;43235.71;0;54838.13;98073.84;1
208;1;246402.71;246402.71;0;51433.96;297836.67;1
256;1;420511.13;40821;0;0;420511.13;0
734;0;1810044.85;1810044.85;0;0;0;1
188;1;28901.6;51006;22104.4;0;28901.6;0
714;1;61730.74;29357;0;0;61730.74;0
464;0;1506795.1;1506795.1;0;0;0;1
724;0;501425.84;501425.84;0;0;0;1
84;1;296349.8;296349.8;0;0;296349.8;1
40;1;175597.15;0;0;793273.35;968870.5;0
356;1;357226.8;357226.8;0;0;357226.8;1
235;1;270895.46;0;0;1559489.97;1830385.43;0
402;1;306943.01;0;0;6629367.04;6936310.05;0
332;1;43149.36;20123;0;909067.88;952217.24;0
666;0;504362.34;504362.34;0;0;0;1
631;0;10000000;13120690.98;3120690.98;0;0;1
684;1;459.38;459.38;0;277498.02;277957.4;1
144;0;2120266.89;2120266.89;0;0;0;1
136;1;434753.86;5475;0;4565974.41;5000728.27;0
393;1;108755.57;0;0;12811263.2;12920018.76;0
115;1;530377.28;530377.28;0;232558.45;762935.73;1
36;1;167221.14;0;0;380042.72;1359678.17;0
378;1;73762.94;9574;0;1222847.41;1296610.35;0
308;1;106967.46;69772;0;0;106967.46;0
225;1;400003.85;859;0;908034.17;1308038.03;0
570;1;1021194.38;1021194.38;0;0;1021194.38;1
655;1;45758.71;45758.71;0;0;45758.71;1
236;1;77589.95;100013;22423.05;222344.04;299933.99;0
396;1;154936.45;0;0;423031.41;577967.86;0
62;1;401529.35;401529.35;0;4162.42;405691.77;1
104;1;125159.2;125159.2;0;26664.19;151823.38;1
161;0;144876.4;144876.4;0;0;0;1
298;1;389699.75;0;0;1595230.34;1984930.09;0
727;0;124582.58;124582.58;0;0;0;1
34;1;75387.22;0;0;636824;871874.71;0
18;1;125825.93;55325;0;236341.66;362167.59;0
159;1;474052.54;474052.54;0;29256.42;503308.95;1
17;1;289213.66;10848;0;15914;305127.66;0
166;1;302724;35353;0;70186.14;372910.14;0
379;1;5506.9;864;0;0;5506.9;0
404;1;4854.76;0;0;5512947.5;5517802.26;0
397;1;200705.97;76204;0;32450.37;233156.34;0
327;0;10000000;0;0;20000000;31225074.62;0
104;0;803794.53;803794.53;0;0;0;1
56;0;2776135.33;2776135.33;0;0;0;1
372;1;282893.18;0;0;346194.54;629087.72;0
9;0;1067282.76;61617;0;0;1406556.15;0
7;1;332783.95;0;0;540439.08;0;0
250;1;10000000;10000000;0;1640761.93;11640761.93;1
205;0;566156.42;566156.42;0;0;0;1
578;0;195562.98;195562.98;0;0;0;1
329;1;277745.41;61342;0;227516.58;505261.98;0
256;1;251503.42;19946;0;0;251503.42;0
191;0;132294.93;132294.93;0;0;0;1
214;1;2582313.07;2582313.07;0;1640.53;2583953.6;1
711;0;2580055.17;2580055.17;0;0;0;1
467;0;636942.02;636942.02;0;0;0;1
342;1;549159.68;549159.68;0;5479220.09;6028379.77;1
330;1;232359.08;0;0;6701286.5;6933645.58;0
279;0;104797.12;0;0;5282279.87;5387076.99;0
4;1;2930418.44;2930418.44;0;3616012.1;6963508.84;1
41;1;320766.13;541559.35;220793.22;1761747.19;2082513.32;0
162;0;343672.15;10509;0;434308.3;777980.45;0
297;1;130028.17;31279;0;1756299.57;1886327.75;0
21;1;123513.58;19933;0;351034.03;361931.81;0
307;1;151840.49;29904;0;2683225.74;2835066.23;0
473;0;179700.14;179700.14;0;0;0;1
734;0;10000000;11810044.85;1810044.85;0;0;1
324;1;238363.06;20426;0;0;238363.06;0
261;0;8639.93;8639.93;0;0;0;1
43;1;48666.69;0;0;139665.72;188332.41;0
403;1;160853.75;50705;0;9133497.72;9294351.47;0
646;0;10000000;30399045.08;20399045.08;0;0;1
18;1;296875.19;11495;0;0;296875.19;0
250;0;5293936.78;11646;0;269038.23;5562975.01;0
353;1;91979.2;21635;0;2176095.29;2268074.49;0
259;0;271296.62;0;0;3693830.16;3965126.77;0
208;1;83729.94;20158;0;0;88096.24;0
220;1;1179162.08;1179162.08;0;29723.31;1208885.39;1
630;0;728256.03;728256.03;0;0;0;1
183;0;296007.66;0;0;6573793.85;6869801.51;0
74;1;455074.13;455074.13;0;9237170.74;9692244.86;1
71;0;1871553.73;1871553.73;0;0;0;1
504;1;219278.81;219278.81;0;22127.85;241406.66;1
393;0;290198.92;290198.92;0;0;0;1
84;1;39379.45;39379.45;0;188532.97;227912.43;1
205;1;566156.42;566156.42;0;175341.4;741497.82;1
345;0;927729.13;927729.13;0;0;0;1
348;1;31374.02;31374.02;0;0;31374.02;1
143;1;810599.16;810599.16;0;971634.6;1782233.77;1
514;0;5912204;5912204;0;0;0;1
44;0;1649818.97;1649818.97;0;0;0;1
202;1;398548.96;0;0;641597.66;962173.7;0
182;1;39093.3;0;0;193260.53;232353.83;0
481;1;548677.33;548677.33;0;139582.33;688259.65;1
206;1;328366.92;237876;0;1120031.08;1448398;0
379;1;170444.77;11135;0;19186.99;189631.75;0
92;1;21574.55;21574.55;0;0;21574.55;1
14;1;76728.82;0;0;3968231.25;4044960.07;0
398;0;371771.44;371771.44;0;0;0;1
282;1;77736.75;175681;97944.25;0;77736.75;0
191;1;114743.39;114743.39;0;65672.88;180416.27;1
208;1;164519.7;164519.7;0;0;164519.7;1
164;1;59515.97;21292;0;0;59515.97;0
33;0;290189.83;0;0;351346.14;641535.96;0
211;1;4607.01;76930;72322.99;83666.45;88273.46;0
209;1;171024.55;16773;0;0;171024.55;0
203;0;370502.12;341920.22;0;1150291.67;1520793.79;0
528;1;1016302.6;1016302.6;0;1149447.1;2165749.7;1
227;1;204182.33;0;0;243509.17;447691.5;0
411;1;10000000;10000000;0;0;10000000;1
442;1;3085.45;3085.45;0;45631.02;48716.47;1
395;0;117683.42;117683.42;0;0;0;1
316;0;158279.4;158279.4;0;0;0;1
160;1;451535.7;252296;0;0;451535.7;0
461;0;1464614.79;1464614.79;0;0;0;1
403;1;111631.54;10441;0;266464.22;378095.76;0
400;1;231806.39;8112;0;0;231806.39;0
127;0;321883.89;321883.89;0;0;0;1
403;0;949979.11;949979.11;0;0;0;1
331;1;420330.71;420330.71;0;99227.28;519557.99;1
260;1;72268.77;0;0;72972.96;145241.73;0
188;0;127689.92;42587.71;0;443571.36;571261.28;0
191;0;2815.61;2815.61;0;0;0;1
231;1;644.55;0;0;254054.24;254698.79;0
212;1;35073.51;80388;45314.49;15029;0;0
186;1;231369.45;1323;0;47101.97;278471.41;0
214;1;2485467.28;2485467.28;0;0;2485467.28;1
650;0;18982.32;18982.32;0;0;0;1
136;1;199878.85;199878.85;0;403269.69;603148.54;1
44;1;117222.55;0;0;3233528.6;3350751.15;0
434;0;4152987.1;4152987.1;0;0;0;1
182;1;317898.01;56897;0;150386.88;468284.89;0
258;1;89338.17;5044;0;0;89338.17;0
233;1;141764.93;0;0;758802.55;900567.48;0
329;0;3551022.86;3551022.86;0;0;0;1
227;1;290643.54;12149;0;0;290643.54;0
227;1;1162155.11;1162155.11;0;2402312.87;3564467.98;1
308;1;113304.55;0;0;264912.96;378217.51;0
291;0;30820.17;30820.17;0;0;0;1
206;1;195052.37;0;0;239472.65;434525.02;0
315;1;76640.82;76640.82;0;0;76640.82;1
187;1;182087.73;0;0;8101417.46;8283505.19;0
300;1;176059.16;176059.16;0;105783.21;281842.36;1
204;1;53163.56;0;0;317415.93;370579.49;0
171;1;2754740.54;2754740.54;0;1767824.71;4522565.25;1
130;1;20840.67;0;0;94413.22;115253.89;0
447;1;834592.4;834592.4;0;236428.35;1071020.75;1
362;0;1139165.57;1139165.57;0;0;0;1
54;0;438224.6;438224.6;0;0;0;1
162;1;401806.21;0;0;1062563.44;1464369.65;0
250;1;156039.36;156039.36;0;0;156039.36;1
462;0;46190.9;46190.9;0;0;0;1
280;0;149914.11;0;0;4597636.89;4747551;0
134;1;100109.03;100109.03;0;0;100109.03;1
38;1;89573.64;0;0;465917.59;555491.23;0
688;1;676913.69;676913.69;0;2202695.62;2879609.32;1
26;0;331829.94;331829.94;0;0;0;1
383;1;106601.15;106601.15;0;2361916.89;2468518.04;1
74;1;3284197.88;3284197.88;0;200942.08;3485139.96;1
624;0;2626957.79;2626957.79;0;0;0;1
468;1;652782.54;652782.54;0;170737.43;823519.97;1
183;1;398248.11;0;0;2757037.05;3418309.43;0
155;0;305778.25;12311;0;1032660.33;1338438.58;0
493;1;314746.76;35065;0;27080.85;341827.61;0
259;0;507521.42;507521.42;0;0;0;1
186;1;293565.19;61982.31;0;1642641.05;1849482.18;0
691;0;612241.76;612241.76;0;0;0;1
231;1;415791.34;6032;0;259620.58;675411.92;0
520;1;53325.6;53325.6;0;753904.94;807230.54;1
631;1;341.3;341.3;0;135440.48;135781.78;1
743;1;6311409.28;6311409.28;0;68488.84;6379898.11;1
299;1;286292.49;220560;0;222686.43;508978.92;0
401;0;65365.11;65365.11;0;0;0;1
519;0;1558.46;1558.46;0;0;0;1
420;1;500905.62;500905.62;0;4867381.69;5368287.32;1
234;1;404273.04;20982;0;299727.2;704000.24;0
139;1;413996.3;11199;0;556439.51;970435.82;0
198;0;7620549.14;7620549.14;0;0;0;1
155;1;29758.98;0;0;71739.52;101498.5;0
300;1;343976.66;10377;0;1632417.47;1976394.13;0
712;1;367207.98;367207.98;0;0;367207.98;1
10;1;465422.87;0;0;2063811.56;2150312.08;0
327;1;29865.04;1493;0;124016.25;153881.29;0
33;0;1283144.72;0;0;5623648.14;6906792.86;0
619;0;43777.74;0;0;90243.87;134021.62;0
248;1;18035.14;18035.14;0;0;18035.14;1
138;0;303432.45;303432.45;0;0;0;1
523;0;5999376.79;5999376.79;0;0;0;1
356;0;3242240.65;0;0;12118453.24;15360693.89;0
253;1;157628.35;157628.35;0;17051087.32;17208715.67;1
289;0;87219.11;87219.11;0;0;0;1
358;1;324448.21;620;0;18795.23;343243.44;0
330;1;57225.07;0;0;1077610.66;1134835.73;0
275;1;24857.36;20514;0;0;24857.36;0
521;1;48734.24;48734.24;0;547479.72;596213.96;1
350;1;121913.54;36250;0;10385346.78;10507260.31;0
206;1;52493.39;839790;787296.61;415369.2;467862.59;0
730;0;403.56;403.56;0;0;0;1
111;0;98692.72;98692.72;0;0;0;1
250;0;204871.85;20257;0;0;204871.85;0
159;1;82459.66;598;0;69497.58;151957.24;0
9;1;154216;102266;0;7887;162103;0
369;1;271931.24;11509;0;18977.02;290908.26;0
485;0;3351304.78;3351304.78;0;0;0;1
236;1;177576.99;0;0;2898159.82;3075736.82;0
242;1;3139423.35;3139423.35;0;2593641.94;5733065.29;1
36;0;164517.38;100361;0;27586.79;192104.16;0
392;0;92001.22;92001.22;0;0;0;1
138;1;64768.71;113814;49045.29;4090209.89;4154978.6;0
723;0;6199009;6199009;0;0;0;1
259;1;209470.03;0;0;1279124.82;1488594.85;0
202;1;130908.36;75889;0;258826.37;389734.73;0
15;0;128473.62;128473.62;0;0;0;1
154;1;102775.08;10674;0;2828478.49;2931253.57;0
575;0;367263.47;367263.47;0;0;0;1
578;0;978103.4;978103.4;0;0;0;1
373;1;82750;82750;0;0;82750;1
684;1;205738.84;563886;358147.16;123987.44;329726.28;0
326;0;16580284.62;0;0;16671091.72;33251376.35;0
625;1;259103.16;259103.16;0;15446.58;274549.74;1
9;1;407287.73;10399;0;421;291435.32;0
42;1;378414.1;0;0;1568743.26;1947157.36;0
393;1;78799.33;0;0;158334.42;237133.75;0
134;1;242089.67;222;0;302083.69;544173.37;0
306;1;598739.57;264;0;39305.93;638045.5;0
183;1;442989.19;0;0;3411515.52;3854504.71;0
186;1;8197.69;0;0;283700.91;291898.6;0
91;1;737285.03;737285.03;0;0;737285.03;1
499;0;116530.2;116530.2;0;0;0;1
178;1;1796069.2;1796069.2;0;0;1796069.2;1
204;1;44268.4;0;0;1993655.2;2037923.6;0
177;1;382960.64;382960.64;0;1639101.01;2022061.64;1
306;1;336552.76;514;0;0;336552.76;0
131;1;511259.05;511259.05;0;2120181.23;2789221.38;1
40;1;105373.56;11279;0;3790523.43;3895897;0
95;0;33676.59;33676.59;0;0;0;1
209;1;329156.43;329156.43;0;0;329156.43;1
306;1;81901.32;48686;0;0;81901.32;0
235;1;178585.78;215168.8;36583.02;263223.58;441809.35;0
184;1;128054.56;31189;0;797299.04;925353.6;0
150;0;119454.86;119454.86;0;0;0;1
35;1;97470.91;0;0;197772.35;295243.26;0
442;0;3085.45;3085.45;0;0;0;1
453;1;553328.24;553328.24;0;0;553328.24;1
674;0;306505.03;306505.03;0;0;0;1
156;1;145710.26;21579;0;446710.8;468345.21;0
203;1;48299.77;48299.77;0;414039.56;462339.33;1
42;1;426279.46;15879;0;758148.75;1184428.21;0
16;1;154061.97;59977;0;2554727.07;2708789.05;0
299;1;59389.06;0;0;205783.89;265172.95;0
305;1;95106.74;0;0;1325543.98;1474206.8;0
569;1;577301.73;577301.73;0;0;577301.73;1
158;1;295859.27;1102;0;91105.32;386964.59;0
182;1;166323.01;166323.01;0;0;166323.01;1
330;1;64398.76;304926;240527.24;6205097.78;6269496.54;0
177;0;3605417.05;7254.95;0;5504327.11;9109744.16;0
352;1;258380.08;10360;0;647465.99;905846.07;0
280;1;146678.22;72413;0;42130.01;188808.23;0
419;1;60891.94;60891.94;0;1534972.09;1595864.03;1
573;0;457789.14;457789.14;0;0;0;1
469;0;187711.14;417257.64;229546.5;204924.72;392635.86;0
44;1;44571.94;44571.94;0;11984;0;1
736;1;537539.57;537539.57;0;8034.16;545573.72;1
137;1;42754.12;90957;48202.88;390165.02;432919.14;0
444;0;348055.47;348055.47;0;0;0;1
387;1;10000000;10000000;0;109827.22;10109827.22;1
586;0;245991.5;245991.5;0;0;0;1
226;1;264722.89;61590;0;413146.65;677869.54;0
295;1;172344.3;172344.3;0;0;172344.3;1
561;0;1383818.98;1383818.98;0;0;0;1
370;1;364751.45;10608;0;292249.8;657001.25;0
232;0;285077.73;0;0;1681369.66;1966447.39;0
346;1;17944.97;0;0;123003.24;140948.21;0
17;1;107690.18;0;0;1625039.86;1732730.04;0
358;0;361877.28;361877.28;0;0;0;1
247;0;802421.39;802421.39;0;0;0;1
118;0;167963.64;167963.64;0;0;0;1
342;0;114308.2;114308.2;0;0;0;1
518;0;242896.12;242896.12;0;0;0;1
253;1;209039.76;39577;0;0;209039.76;0
403;0;543763.87;10156;0;13133233.81;13676997.68;0
211;1;39321.4;104439;65117.6;250342.41;131565.29;0
59;1;3904257.51;3904257.51;0;0;3904257.51;1
206;1;70155.58;8736;0;0;70155.58;0
402;0;148606.89;0;0;4742629.45;4891236.35;0
443;1;1162672.01;1162672.01;0;5026373.25;6189045.26;1
436;1;539658.73;539658.73;0;0;539658.73;1
327;1;96326.32;0;0;447988.99;583413.9;0
228;1;209973.08;49983;0;751955.04;961928.12;0
690;1;66643.99;66643.99;0;26677.15;93321.15;1
394;1;57234.18;5800;0;23277.77;80511.95;0
225;1;66247.91;0;0;159773.29;226021.2;0
322;1;58404.96;0;0;1100532.2;1158937.16;0
289;0;37974.85;37974.85;0;0;0;1
373;1;355287.38;0;0;451091.15;806378.53;0
611;0;59649.33;59649.33;0;0;0;1
256;1;109108.62;11004;0;306395.47;415504.09;0
202;1;88315;26530;0;619887.85;708202.86;0
13;0;801785.57;0;0;5051975.54;5853761.11;0
395;1;29924.22;22343;0;568307.5;598231.72;0
487;1;1610110.66;1610110.66;0;17821.53;1627932.2;1
332;0;671331.93;0;0;1681552.87;2352884.8;0
404;1;108926.71;0;0;301312.38;410239.09;0
276;1;60785.94;166212;105426.06;41067.5;101853.43;0
157;1;139685.86;0;0;259489.51;399175.37;0
10;1;301860.29;71908.58;0;1167812.36;1469672.65;0
345;0;8994286.69;8994286.69;0;0;0;1
255;1;39811.21;0;0;112229.3;152040.5;0
613;1;1425062.97;1425062.97;0;0;1425062.97;1
100;0;1422963.14;1422963.14;0;0;0;1
369;0;287471;10611;0;82670.49;370141.49;0
163;0;1186529.99;768;0;189099.74;1375629.73;0
254;1;261928.75;210253;0;893715.93;1155644.68;0
238;0;240899.12;240899.12;0;0;0;1
102;1;656118.37;656118.37;0;161482.64;817601.02;1
574;0;58863.89;58863.89;0;0;0;1
663;0;115782.68;115782.68;0;0;0;1
589;1;138555.24;6244;0;242360.53;778066.45;0
714;0;8838.19;8838.19;0;0;0;1
18;0;307739.18;307739.18;0;0;0;1
638;0;249017.98;249017.98;0;0;0;1
252;1;33924.1;42973;9048.9;174009.27;207933.37;0
329;1;205775.21;21042;0;12447286.91;12653062.12;0
31;0;335219.49;335219.49;0;0;0;1
284;1;800115.05;800115.05;0;317406.39;1117521.44;1
253;1;234134.15;24992;0;0;234134.15;0
561;1;1383818.98;1383818.98;0;26146.79;1409965.77;1
351;1;9772559.35;9772559.35;0;1968332.75;11740892.1;1
129;1;790507.49;123969.6;0;0;790507.49;0
370;0;4272571.6;1428;0;407102.74;4679674.34;0
721;1;23639.56;23639.56;0;140063.53;163703.1;1
20;0;1090459.5;5040;0;403607.66;1494067.17;0
107;1;1299860.86;1299860.86;0;0;1299860.86;1
139;1;162459.54;132449;0;335403.03;497862.57;0
399;1;41843.75;1053;0;0;41843.75;0
353;0;1046000.5;0;0;4094016.35;5140016.85;0
668;0;7539165.76;7539165.76;0;0;0;1
36;0;2352524.18;2352524.18;0;0;0;1
407;1;341056.03;0;0;1734980.84;2076036.86;0
305;1;161733.31;19874;0;0;161733.31;0
326;1;120214.74;120214.74;0;1512381.47;1632596.21;1
310;0;1868438.44;1868438.44;0;0;0;1
509;1;418871.89;418871.89;0;134286.38;553158.26;1
262;1;140846.68;32148;0;0;140846.68;0
348;1;221747.16;40096;0;132466.45;354213.61;0
37;1;226349.84;10103;0;2189516.03;2415865.87;0
336;0;964388.1;964388.1;0;0;0;1
300;0;1867188.35;1067;0;3106728.75;4973917.1;0
637;0;3845765.36;3845765.36;0;0;0;1
698;0;9097679.75;9097679.75;0;0;0;1
40;1;6188772.44;6188772.44;0;6056796.74;12442836.61;1
249;1;358440.67;358440.67;0;107972.49;466413.16;1
513;0;168033.36;168033.36;0;0;0;1
569;1;51416.07;51416.07;0;62726.44;114142.52;1
488;1;50279.4;50279.4;0;1108375.76;1158655.16;1
281;1;576325.53;0;0;4044121.18;4620446.71;0
351;0;118111.77;118111.77;0;0;0;1
392;0;2887744.35;2887744.35;0;0;0;1
132;1;440901.32;106754;0;0;440901.32;0
386;0;442290.23;442290.23;0;0;0;1
42;1;65110.51;109831.98;44721.46;4989374.68;5054485.19;0
355;1;18713.68;16963;0;405673.78;424387.45;0
409;1;2284476.12;2284476.12;0;6835.89;2291312.01;1
274;1;73984.99;50819;0;55790.64;129775.62;0
250;0;174683.34;174683.34;0;0;0;1
59;0;1367340.03;1367340.03;0;0;0;1
275;1;143733.41;86616;0;0;143733.41;0
214;1;76315.02;0;0;2332079.36;2408394.38;0
301;1;166941.23;632;0;6925.42;173866.65;0
10;1;576490.96;7259;0;49663;626153.96;0
363;0;6513531.58;6513531.58;0;0;0;1
230;1;261277.89;618032.68;356754.79;1342201.49;1242389.99;0
160;0;548161.93;548161.93;0;0;0;1
499;0;705529.08;705529.08;0;0;0;1
297;1;184317.76;917744;733426.24;26648.85;210966.62;0
283;1;41613.9;107555;65941.1;485871.79;527485.7;0
329;1;181272.54;0;0;246173.12;427445.65;0
375;0;1710862.39;0;0;1955756.16;3666618.55;0
11;0;12461;12461;0;0;0;1
562;0;6324299.91;6324299.91;0;0;0;1
355;1;89775.62;20508;0;90689.36;180464.98;0
11;1;179586.36;254236;74649.64;198303.18;521672.41;0
300;1;501627.72;52917;0;32913.86;534541.58;0
183;1;82280.35;0;0;2952432.91;3034713.26;0
549;0;668473.23;668473.23;0;0;0;1
213;1;122446.66;0;0;870051.17;992497.82;0
373;1;151020.57;17781;0;52735.94;203756.51;0
578;0;190815.79;190815.79;0;0;0;1
204;1;356447.95;0;0;1111593.44;1468041.39;0
183;1;120067.26;0;0;629641.46;749708.73;0
40;0;132997.82;11561;0;449922.85;582920.67;0
209;1;1516823.73;1516823.73;0;386329.46;1903153.19;1
136;0;95267.81;95267.81;0;0;0;1
412;1;381977.83;381977.83;0;0;381977.83;1
210;1;292009.92;0;0;10134746.8;10426756.72;0
397;1;368513.93;68641;0;613874.93;982388.86;0
214;0;1368391.5;1368391.5;0;0;0;1
278;1;94771.7;15952;0;0;94771.7;0
42;1;45090.97;506;0;2943459.06;2988550.03;0
476;1;37394.15;37394.15;0;281667.87;319062.02;1
291;1;30820.17;30820.17;0;292944.71;323764.88;1
212;1;94261.84;94261.84;0;112303.11;206564.95;1
177;0;373896.24;20938;0;23827.9;397724.14;0
414;0;724264.21;724264.21;0;0;0;1
31;1;378204.02;378204.02;0;0;378204.02;1
515;0;124465.49;124465.49;0;0;0;1
135;0;7927.06;7927.06;0;0;0;1
228;0;1979700.12;205136;0;474502.21;2454202.32;0
47;1;362453.96;0;0;3711949.31;4074403.27;0
181;0;267790.76;0;0;693711.35;961502.11;0
160;1;220485.39;11462;0;0;220485.39;0
357;1;81640.43;23193;0;4330.92;85971.36;0
255;0;262738.23;0;0;1030097.16;1292835.38;0
588;1;190007.27;30098;0;0;190007.27;0
241;1;1282731.68;1282731.68;0;0;1282731.68;1
188;1;37261.63;22502;0;2494770.32;2532031.95;0
574;1;56125.55;56125.55;0;157761.5;213887.05;1
304;0;534703.82;0;0;2850625.26;3385329.08;0
161;1;1603.13;0;0;80785.36;82388.5;0
231;0;400758.85;400758.85;0;0;0;1
373;1;233162.21;56718.58;0;2424769.7;2657931.91;0
382;0;950704.09;0;0;1995814.86;2946518.95;0
19;1;27552.31;204251;176698.69;839567.15;867119.46;0
137;1;350633.91;0;0;1465768.73;1816402.64;0
232;0;586295.71;12151;0;40048.76;626344.46;0
127;1;6339.42;6339.42;0;342469.02;348808.44;1
253;1;389561.6;418;0;1376287.34;1765848.94;0
397;1;360375.4;0;0;752079.9;1112455.29;0
139;1;67219.65;466653;399433.35;8917.39;76137.04;0
380;0;330218.85;330218.85;0;0;0;1
608;0;10000000;10780687.45;780687.45;0;0;1
222;0;35759.12;35759.12;0;0;0;1
674;1;306505.03;306505.03;0;0;306505.03;1
297;0;15149481.41;0;0;45561385.74;60710867.16;0
102;0;656118.37;656118.37;0;0;0;1
351;0;1552664.33;1552664.33;0;0;0;1
303;1;84555.53;0;0;92147.98;176703.51;0
44;0;199439.93;0;0;5737960.72;5937400.65;0
205;0;476519.26;0;0;909648.23;1386167.49;0
374;1;224765.86;2025;0;16293208.75;16517974.62;0
718;0;135289.71;135289.71;0;0;0;1
380;0;49076.27;49076.27;0;0;0;1
182;1;320873.6;11106;0;0;320873.6;0
35;1;157083.59;99931;0;0;157083.59;0
191;0;114743.39;114743.39;0;0;0;1
254;1;435531.8;95881;0;1630366.64;2065898.45;0
577;1;681525.62;681525.62;0;2250319.57;2931845.19;1
741;1;0;0;0;267522.87;267522.87;1
257;1;38580.09;50770;12189.91;16280.45;54860.54;0
275;1;276442.74;625;0;343480.7;619923.43;0
427;0;3890627.92;3890627.92;0;0;0;1
227;1;130762.62;0;0;429091.93;559854.55;0
692;1;880661.14;880661.14;0;0;880661.14;1
309;1;54624.89;101876;47251.11;8699115.65;8753740.54;0
306;1;89249.9;279279.21;190029.3;348966.28;438216.18;0
640;0;144254.93;144254.93;0;0;0;1
628;1;709950.57;709950.57;0;0;709950.57;1
459;0;4153.02;4153.02;0;0;0;1
36;1;89281.43;10951;0;138211.44;227492.86;0
283;1;166980.59;10738;0;0;166980.59;0
143;0;3222396;3222396;0;0;0;1
85;0;8924971.59;8924971.59;0;0;0;1
277;1;50675.84;64481.29;13805.46;272755.71;323431.55;0
19;1;143660.11;143660.11;0;0;143660.11;1
717;1;131223.14;5655;0;8734370.06;8865593.2;0
494;1;503620.99;503620.99;0;0;503620.99;1
15;1;57992.79;98666;40673.21;865820.5;1149313.73;0
139;1;132762.21;0;0;2543431.63;2676193.84;0
719;1;67299.57;67299.57;0;303173.2;370472.77;1
186;1;179321.12;179321.12;0;0;179321.12;1
281;0;441892.92;441892.92;0;0;0;1
156;0;844890.23;21208;0;643099.61;1487989.84;0
178;1;85017.99;85017.99;0;0;85017.99;1
449;1;133632.24;133632.24;0;71836828.02;71970460.27;1
254;1;107291.31;74;0;102001.56;209292.87;0
467;1;636942.02;636942.02;0;46336.09;683278.11;1
403;1;62466.72;21577;0;581449.18;643915.9;0
377;1;325621.96;0;0;6852044.36;7177666.32;0
281;0;2798620.3;0;0;5506526.22;8305146.52;0
232;1;201761.63;5098;0;0;201761.63;0
91;1;482679.6;482679.6;0;0;482679.6;1
250;0;52795.24;52795.24;0;0;0;1
611;1;59649.33;59649.33;0;807552.55;867201.88;1
17;1;262771.81;0;0;1068464.2;1331236.01;0
350;1;166572.21;0;0;5198185.39;5364757.59;0
354;0;1076429.48;0;0;5103423.86;6179853.34;0
683;0;34502.7;34502.7;0;0;0;1
28;0;3832058.34;3832058.34;0;0;0;1
100;1;54994.1;54994.1;0;14941.39;69935.49;1
19;1;80026.18;0;0;115844.39;195870.57;0
212;0;362988.52;362988.52;0;0;0;1
234;1;264949.69;264949.69;0;0;264949.69;1
279;1;162162.52;4571;0;13053.77;175216.29;0
138;1;45559.69;21308.91;0;294989.75;340549.45;0
179;1;80050.31;62;0;586126.52;666176.83;0
228;0;286788.1;3137;0;158811.13;445599.24;0
400;1;19171.03;33763.1;14592.06;1496556.62;1515727.65;0
37;0;420084.9;0;0;2659742.4;3268253.22;0
366;0;769619.59;769619.59;0;0;0;1
346;1;61446.52;49345;0;0;61446.52;0
211;1;322024.84;0;0;3296023.14;3618047.98;0
400;1;431999.05;0;0;1027728.46;1459727.51;0
256;1;255028.93;255028.93;0;2684616.74;2939645.67;1
7;1;92589.97;0;0;306705.25;31831.51;0
210;0;5111.01;0;0;497603.68;502714.69;0
180;1;342142.62;0;0;887768.81;1229911.43;0
594;1;389250.9;389250.9;0;252962.03;642212.93;1
360;1;46462.68;0;0;281072.74;327535.42;0
420;1;27614.13;5514;0;2293035.11;2320649.24;0
9;1;10533.61;0;0;5152;0;0
395;0;374839.62;1048;0;0;374839.62;0
41;1;33970.1;0;0;727194.57;761164.67;0
513;0;217506.28;217506.28;0;0;0;1
376;0;10000000;26596;0;1463914.8;16246984.9;0
730;0;156396.46;156396.46;0;0;0;1
371;1;64535.62;0;0;413513.62;478049.24;0
295;0;1748611.28;1748611.28;0;0;0;1
1;0;25071.46;25071.46;0;0;0;1
180;0;769984.16;0;0;7802749.79;8572733.95;0
285;1;192519.47;0;0;2028849.04;2221368.51;0
16;1;445138.94;10721;0;1513357.52;1958496.46;0
686;1;1411271.23;1411271.23;0;579602.96;1990874.19;1
51;0;202887.77;202887.77;0;0;0;1
372;0;203016.26;0;0;1970689.87;2173706.13;0
34;1;350384.09;0;0;1494111.52;1844495.61;0
701;1;79581.24;79581.24;0;143993.58;223574.82;1
66;0;79441.66;79441.66;0;0;0;1
139;1;183304.09;0;0;291663.02;474967.11;0
185;0;476890.47;476890.47;0;0;0;1
720;0;71439.81;71439.81;0;0;0;1
221;0;574588.22;574588.22;0;0;0;1
162;0;29030.98;666690.55;637659.57;0;29030.98;0
325;1;107834.85;107834.85;0;0;107834.85;1
208;1;408358.65;25747;0;2103358.79;2511717.44;0
392;1;92001.22;92001.22;0;329180.16;421181.38;1
14;1;218619.64;100283;0;522596.91;818167.56;0
462;0;167743.93;167743.93;0;0;0;1
251;0;2693520.61;2693520.61;0;0;0;1
376;1;189008.65;0;0;209158.01;398166.65;0
236;1;104348.63;5555;0;963371.48;1067720.11;0
565;1;364715.24;364715.24;0;547144.76;911860;1
231;1;261331.82;261331.82;0;32063.09;293394.92;1
369;1;158791.03;0;0;231523.6;390314.63;0
242;1;3210027.48;3210027.48;0;0;3210027.48;1
401;1;224684.21;19863;0;754950.07;979634.28;0
282;0;1258469.14;0;0;1546592.88;2805062.02;0
167;1;50700.46;0;0;67665.82;118366.29;0
182;1;294989.71;294989.71;0;1657699.83;1952689.54;1
179;0;204710.41;77658;0;0;204710.41;0
119;1;2040209.74;2040209.74;0;11240377.72;13280587.46;1
356;1;113267.37;10301;0;0;113267.37;0
185;1;318435.13;103;0;1911180.71;2255683.41;0
121;1;43357.65;43357.65;0;661905.95;705263.6;1
371;1;307691.32;0;0;1752327.32;2060018.64;0
456;0;585396.14;585396.14;0;0;0;1
180;1;216047.73;19378;0;2497442.44;2713490.17;0
340;1;92145.4;92145.4;0;388798.48;480943.88;1
164;1;63766.4;0;0;536326.92;600093.32;0
553;1;151105.97;151105.97;0;0;151105.97;1
370;1;811459.21;811459.21;0;843227;1654686.21;1
341;1;357824.01;357824.01;0;158077.81;515901.82;1
684;0;537025.01;537025.01;0;0;0;1
11;1;2100;2100;0;112512.48;114612.48;1
204;1;487367.35;54058;0;0;487367.35;0
297;0;2131624.18;2131624.18;0;0;0;1
519;1;108994.49;108994.49;0;560333.23;669327.72;1
205;1;188473.09;188473.09;0;209686.58;398159.67;1
71;1;304085.48;304085.48;0;152325.14;456410.63;1
278;1;137887.55;49995;0;48513.26;186400.82;0
501;1;6183238.55;6183238.55;0;1289583.48;7472822.03;1
315;0;3972968.92;3972968.92;0;0;0;1
328;1;471494.28;398677;0;0;471494.28;0
36;1;151573.32;23728;0;0;224050.81;0
694;0;257811.92;257811.92;0;0;0;1
608;0;4716307.48;4716307.48;0;0;0;1
262;1;183321.2;33377.55;0;1433692.46;1617013.66;0
90;0;39664.74;39664.74;0;0;0;1
151;1;127091.33;127091.33;0;656699.62;783790.95;1
487;1;609400.88;609400.88;0;1620065.35;2229466.23;1
353;1;193158.32;31949;0;1672691.86;1865850.17;0
229;1;38580.45;38580.45;0;335633.03;374213.48;1
213;1;56100.87;37069;0;0;56100.87;0
481;0;130668.56;130668.56;0;0;0;1
461;1;873356.47;873356.47;0;105657.71;979014.18;1
13;0;143087.56;0;0;268940.74;120214.61;0
297;1;365219.11;0;0;4197251;4310851.67;0
355;1;180786.98;88322;0;0;180786.98;0
673;0;145067.24;145067.24;0;0;0;1
369;1;232059.99;0;0;242300.68;474360.67;0
369;1;231978.48;231978.48;0;0;231978.48;1
259;1;99612.26;291200;191587.74;2203084.54;2302696.8;0
142;1;6168077.6;6168077.6;0;0;6168077.6;1
187;1;275451.97;0;0;433494.87;708946.84;0
404;1;78900.63;41220;0;1306639.28;1385539.91;0
596;0;196385.55;196385.55;0;0;0;1
731;0;219934.26;219934.26;0;0;0;1
33;1;72441.36;0;0;80595.31;153036.67;0
385;0;617882.66;617882.66;0;0;0;1
1;1;181;181;0;21182;0;1
185;1;115321.62;0;0;386204.25;501525.87;0
284;0;400119.54;197918.29;0;488053.6;888173.13;0
133;1;136150.69;107210;0;36703.51;172854.2;0
323;1;193597.12;37964;0;72484.6;266081.72;0
306;1;61790.08;13892;0;0;61790.08;0
18;0;295664.18;295664.18;0;0;0;1
211;1;124619.56;0;0;306379.64;430999.2;0
160;1;32872;32872;0;0;32872;1
281;1;100393.75;0;0;667963.06;768356.81;0
133;1;512057.45;0;0;867780.53;1320331.26;0
327;0;2078946.89;20781;0;154736.28;2233683.17;0
457;0;145482.09;145482.09;0;0;0;1
400;1;348033.9;63465;0;0;348033.9;0
206;0;391820.25;0;0;4275441.5;4667261.75;0
25;0;296333.54;296333.54;0;0;0;1
439;1;3947541.37;3947541.37;0;226201.44;4173742.81;1
260;1;847383.45;847383.45;0;1465042.43;2312425.88;1
251;1;65820.44;284598.63;218778.19;367146.26;432966.7;0
523;0;25819.42;25819.42;0;0;0;1
211;1;88873.07;287962.7;199089.64;1130824.39;1319911.41;0
576;0;28284.88;28284.88;0;0;0;1
206;0;169504.89;213626.57;44121.68;183862.47;353367.35;0
162;1;356495.17;20250;0;0;356495.17;0
20;1;291654.91;12824;0;311652.1;603307.01;0
164;1;175267.61;175267.61;0;73374.37;248641.98;1
236;0;2544170.46;0;0;3219620.01;8478021.65;0
163;1;231947.37;0;0;2451619.62;2683566.99;0
287;1;1796406.6;1796406.6;0;0;1796406.6;1
532;0;634046.89;634046.89;0;0;0;1
391;1;235763.38;235763.38;0;11417.85;247181.23;1
718;0;371449.7;371449.7;0;0;0;1
645;0;214760.72;214760.72;0;0;0;1
187;1;183416.79;20019;0;0;183416.79;0
354;1;113477.37;55272.93;0;922232;1035709.37;0
282;0;8091.78;8091.78;0;0;0;1
379;1;261025.92;34155.89;0;336524.68;597550.6;0
484;1;26654.46;26654.46;0;1575093.13;1601747.59;1
362;1;1936403.59;1936403.59;0;10709890.51;12646294.1;1
613;0;393699.17;393699.17;0;0;0;1
222;1;35759.12;35759.12;0;528553.38;564312.49;1
149;0;861406.83;861406.83;0;0;0;1
184;1;54024.33;197;0;1132720.44;1186744.77;0
355;0;3592596.97;3592596.97;0;0;0;1
323;1;228863.85;140816;0;365965.21;594829.06;0
456;0;30548.46;30548.46;0;0;0;1
8;1;27112.42;0;0;163229.61;29206.12;0
726;1;2216437.25;2216437.25;0;6843369.97;9059807.22;1
235;1;95137.67;0;0;439518.3;534655.98;0
632;0;52541.42;52541.42;0;0;0;1
651;1;2935952.76;2935952.76;0;113270.41;3049223.17;1
42;1;465430.54;9990;0;0;361193.71;0
261;0;168643.92;0;0;928768.04;1097411.96;0
305;1;293142.85;33269.33;0;1979813.4;2272956.26;0
212;1;87888.01;11624;0;171212.48;259100.48;0
373;1;102251.5;0;0;251855.52;354107.02;0
355;0;402612.79;0;0;1271659.93;1943982.22;0
322;1;92870.97;0;0;93474.94;186345.91;0
80;0;972920.87;972920.87;0;0;0;1
279;1;164767.94;123;0;86757.88;251525.83;0
231;0;13962;13962;0;0;0;1
17;1;1639676.27;1639676.27;0;448954.92;2198318.48;1
16;0;2701905.3;2701905.3;0;0;0;1
571;0;831804.24;26992;0;2040.55;833844.79;0
242;0;428174.7;428174.7;0;0;0;1
361;1;1276300.86;1276300.86;0;0;1276300.86;1
65;0;215.83;215.83;0;0;0;1
11;0;246024.15;35356;0;120;191155.02;0
282;0;124581.3;0;0;184405.07;308986.37;0
736;1;53315.31;53315.31;0;0;53315.31;1
701;1;306691.05;306691.05;0;0;306691.05;1
177;1;15028.04;0;0;532102.11;547130.15;0
713;0;773926.81;773926.81;0;0;0;1
523;1;7603589.38;7603589.38;0;299845.14;7903434.51;1
14;1;354362.84;30586;0;850784.83;1230320.92;0
294;0;3731378.32;3731378.32;0;0;0;1
404;1;146935.75;0;0;212785.3;359721.05;0
521;0;5087422.03;5087422.03;0;0;0;1
160;1;256705.68;256705.68;0;0;256705.68;1
560;1;912117.82;912117.82;0;2960454.33;3872572.14;1
398;1;188002;0;0;2564450.99;2752452.99;0
354;1;65889.88;0;0;454233.05;520122.93;0
277;1;27102.08;40604;13501.92;0;27102.08;0
550;0;170875.68;0;0;525792.98;696668.67;0
255;0;32733.43;32733.43;0;0;0;1
613;0;1005365.24;1005365.24;0;0;0;1
163;1;242013.94;9946;0;546956.5;788970.44;0
35;1;94645.47;0;0;3477884.51;3572529.98;0
726;1;834495.09;834495.09;0;471101.6;1305596.69;1
268;0;754874.26;754874.26;0;0;0;1
494;0;3642569.29;3642569.29;0;0;0;1
333;1;2070939.88;2070939.88;0;22160714.25;24231654.14;1
260;1;8332002.94;8332002.94;0;208741.01;8540743.95;1
323;1;91031.67;0;0;222133.52;313165.19;0
412;1;87438.83;87438.83;0;69617.57;157056.4;1
163;1;71705.84;81518.42;9812.58;468105.36;539811.2;0
193;1;103368.58;103368.58;0;0;103368.58;1
119;0;1082718.08;1082718.08;0;0;0;1
425;0;10000000;39585040.37;29585040.37;0;0;1
621;0;6961359.11;6961359.11;0;0;0;1
191;0;198298.79;0;0;2533604.94;2731903.73;0
9;1;226138.49;0;0;236770.63;776196.15;0
259;0;282786.01;0;0;12412301.55;12695087.56;0
227;0;663594.88;0;0;2155748.23;2819343.12;0
278;1;102230.44;0;0;2021375.51;2123605.95;0
188;1;100773.29;20521;0;371977.77;472751.06;0
42;1;157159.7;591848;434688.3;2262700.31;2419860.01;0
65;1;1282971.57;1282971.57;0;392604.6;1675576.17;1
248;0;18035.14;18035.14;0;0;0;1
159;1;56853.79;61632;4778.21;0;56853.79;0
346;1;205100.84;11164;0;238643.09;443743.93;0
227;1;18378.84;0;0;1718812.94;1842269.34;0
544;1;25473.11;25473.11;0;4747.03;30220.14;1
533;0;495977.84;495977.84;0;0;0;1
66;0;150405.2;150405.2;0;0;0;1
313;0;1467324.96;1467324.96;0;0;0;1
376;1;110675.07;8777;0;5466619.91;5577294.98;0
36;1;146262.85;0;0;3769655.31;3915918.16;0
655;0;45758.71;45758.71;0;0;0;1
318;1;247455.25;247455.25;0;2691845.54;2939300.79;1
398;0;98418.57;0;0;699763.34;798181.91;0
20;1;84061.13;0;0;1894638.62;1978699.75;0
139;0;119148.04;0;0;276673.83;395821.87;0
4;0;10000000;12930418.44;2930418.44;0;0;1
108;1;36847.9;36847.9;0;0;36847.9;1
284;0;800115.05;800115.05;0;0;0;1
156;1;254167.15;254167.15;0;101467.87;355635.02;1
122;1;355832.18;355832.18;0;92057.45;447889.63;1
550;1;216267.36;22951.2;0;1279001.55;1495268.91;0
537;1;34238.2;34238.2;0;300369.39;334607.59;1
284;1;20826.96;9932;0;0;20826.96;0
205;1;121386.22;0;0;629476.54;750862.76;0
295;1;1748611.28;1748611.28;0;113025.94;1861637.22;1
568;0;2747.85;2747.85;0;0;0;1
22;1;7807.59;1016;0;0;7807.59;0
718;1;8851.38;8851.38;0;0;8851.38;1
458;1;167806.93;167806.93;0;0;167806.93;1
15;1;295887.29;13511;0;652854.99;764603;0
377;1;143325.61;133;0;412118.58;555444.19;0
15;0;1418586.82;6592;0;0;1554281.72;0
301;1;412889.06;0;0;1054511.12;1467400.19;0
203;0;475776.45;215907.4;0;1727700.72;2203477.17;0
188;1;355689.4;15958;0;69211.42;424900.82;0
166;0;1803411.53;1803411.53;0;0;0;1
71;0;304085.48;304085.48;0;0;0;1
143;0;171337.99;171337.99;0;0;0;1
6;0;10565;10565;0;0;0;1
437;0;207801.38;207801.38;0;0;0;1
279;0;345533.89;345533.89;0;0;0;1
350;0;640648.06;640648.06;0;0;0;1
34;1;127624.97;0;0;218413.28;499336.29;0
64;1;3097121.75;3097121.75;0;0;3097121.75;1
238;0;134313.22;134313.22;0;0;0;1
37;0;5979556.06;5979556.06;0;0;0;1
629;0;8488865.83;8488865.83;0;0;0;1
149;1;14016.65;14016.65;0;1818633.89;1832650.55;1
153;1;412511.32;412511.32;0;41026.29;453537.61;1
726;0;316882.94;316882.94;0;0;0;1
566;0;92641.52;92641.52;0;0;0;1
264;1;2514878.33;2514878.33;0;1017845.77;3532724.1;1
659;1;50577.26;50577.26;0;9581426.29;9632003.55;1
83;0;1534926.96;1534926.96;0;0;0;1
575;1;367263.47;367263.47;0;2275172.08;2642435.54;1
190;1;118809.43;0;0;505339.9;624149.33;0
101;0;891944.51;891944.51;0;0;0;1
35;1;3606943.31;3606943.31;0;0;3606943.31;1
491;1;25616.71;25616.71;0;3380917.08;3406533.8;1
186;1;19440.27;0;0;1929908.47;1949348.74;0
375;1;238652.6;0;0;750327.07;988979.67;0
576;0;1322277.84;1322277.84;0;0;0;1
726;1;1539474.57;1539474.57;0;137245.4;1676719.97;1
139;0;1151158.33;255;0;173890.79;1325049.11;0
595;1;2209035.37;2209035.37;0;124117.1;2333152.48;1
137;1;18151.2;20982;2830.8;0;18151.2;0
34;1;21437.4;100121;78683.6;0;21437.4;0
203;1;31402.91;31303;0;324824.89;356227.8;0
295;0;172344.3;172344.3;0;0;0;1
185;1;275276.73;0;0;2829933.59;3105210.32;0
35;1;55725.39;0;0;2883165.51;2938890.91;0
710;1;10000000;10000000;0;25608.72;10025608.72;1
238;1;134313.22;134313.22;0;0;134313.22;1
683;1;93483.23;93483.23;0;86882.3;180365.53;1
251;0;600802.36;0;0;770332.63;1371134.98;0
738;0;114490.39;114490.39;0;0;0;1
641;0;2938833.22;2938833.22;0;0;0;1
261;1;209237.05;19345;0;804704.43;1013941.48;0
173;1;2232667.51;2232667.51;0;205027.36;2437694.87;1
138;1;199010.16;94;0;1573653.05;1772663.21;0
381;0;1698335.56;0;0;3874534.42;5572869.98;0
164;1;18858.29;11272;0;0;18858.29;0
692;0;524503.63;0;0;1236214.51;1760718.14;0
485;0;53107.96;53107.96;0;0;0;1
203;0;476148.46;0;0;4122129.39;4598277.85;0
396;1;195069.31;0;0;3218929.86;3413999.17;0
350;1;75822.59;9944;0;637878.07;713700.66;0
68;1;157494.6;157494.6;0;509029.31;666523.92;1
42;1;3569720.42;3569720.42;0;0;3569720.42;1
235;1;41262.23;0;0;393371.56;434633.8;0
134;1;118579.76;11542;0;2655433.15;2774012.91;0
289;1;330590.19;0;0;1288034.17;1618624.36;0
625;0;58924.16;58924.16;0;0;0;1
460;1;217666.25;217666.25;0;92402.62;310068.87;1
378;1;207175.27;10861;0;0;207175.27;0
732;1;249365.63;249365.63;0;0;249365.63;1
345;1;927729.13;927729.13;0;0;927729.13;1
183;0;627903.12;627903.12;0;0;0;1
346;1;180110.22;180110.22;0;0;180110.22;1
683;1;34502.7;34502.7;0;0;34502.7;1
715;0;212028.15;212028.15;0;0;0;1
332;1;96151.61;19069;0;2184449.13;2280600.73;0
393;0;837280.2;0;0;1155472.31;1992752.51;0
19;1;1861008.32;1861008.32;0;0;1789942.62;1
32;0;604933.67;604933.67;0;0;0;1
65;1;126690.14;126690.14;0;353834.29;480524.43;1
220;0;3379009.86;3379009.86;0;0;0;1
270;1;144731.73;144731.73;0;1259174.4;1403906.14;1
182;1;274729.84;0;0;471261.39;745991.22;0
300;1;264058.41;264058.41;0;3298139.38;3562197.79;1
204;1;71709.43;0;0;77623.72;149333.16;0
38;1;398638.33;140693.32;0;2625244.06;4095054.26;0
670;0;10000000;12113271.99;2113271.99;0;0;1
201;1;433919.62;0;0;2171702.32;2605621.93;0
18;1;160617.13;77824.92;0;1807153.06;1967770.18;0
13;0;408;408;0;0;226013.18;1
361;1;1742012.06;1742012.06;0;70881.61;1812893.67;1
337;0;623152.72;623152.72;0;0;0;1
252;1;69457.31;0;0;567356.93;636814.24;0
163;1;151000.53;166548.05;15547.52;1850005.89;2001006.42;0
346;0;3664359.86;0;0;6150185.94;9814545.81;0
284;1;741277.85;741277.85;0;563297.96;1126479.01;1
104;1;306833.41;306833.41;0;0;306833.41;1
592;0;1798215.73;1798215.73;0;0;0;1
398;1;184051.38;303350;119298.62;1214544.19;1398595.56;0
731;0;508929.61;508929.61;0;0;0;1
205;1;50323.19;0;0;79685.17;130008.36;0
638;1;345116;345116;0;249636.76;594752.77;1
159;1;237272.49;0;0;1105525.42;1342797.91;0
504;1;138048.52;138048.52;0;0;138048.52;1
5;1;120074.73;120074.73;0;0;120074.73;1
395;1;105066.34;22266;0;773575.49;878641.83;0
383;0;150406.91;150406.91;0;0;0;1
423;1;22839.69;50356;27516.31;0;22839.69;0
140;0;53782.87;53782.87;0;0;0;1
9;0;4251.08;31172;26920.92;137847.26;23253.04;0
380;1;259820.39;259820.39;0;32888.78;292709.17;1
391;0;4559921.56;4559921.56;0;0;0;1
257;1;43466.77;0;0;983389.55;1026856.32;0
735;0;417103.68;417103.68;0;0;0;1
34;1;40458;40458;0;561393.36;331179.02;1
7;0;262434.54;262434.54;0;0;0;1
211;0;157137.97;157137.97;0;0;0;1
355;1;5338162.8;5338162.8;0;181895.58;5520058.37;1
471;1;233346.15;21257;0;0;233346.15;0
141;1;455230.17;0;0;652714.69;1107944.86;0
282;0;140523.4;140523.4;0;0;0;1
56;0;82767.31;82767.31;0;0;0;1
19;1;353724.77;54161;0;866985.71;2792451.75;0
437;1;4716.08;4716.08;0;551191.68;555907.76;1
76;1;2066446.27;2066446.27;0;423086.94;2489533.21;1
393;0;4459173.18;39658;0;1368462.97;5827636.15;0
274;1;67161.05;0;0;697976.87;765137.92;0
41;1;244986.24;279;0;21062.68;266048.92;0
13;1;156263.36;0;0;489733.99;645997.35;0
323;1;102192.42;49184;0;3022121.69;3124314.12;0
397;1;299200.61;0;0;430060.17;729260.77;0
43;1;195847.43;35;0;860165.39;1056012.82;0
718;0;9749042.95;9749042.95;0;0;0;1
563;0;1128718.73;0;0;5929143.92;7057862.65;0
179;0;445705.76;445705.76;0;0;0;1
331;1;36152.7;0;0;180290.26;216442.95;0
249;0;530255.79;203443;0;6190734.04;6720989.83;0
163;1;86822.84;2415.88;0;260583.86;347406.69;0
47;1;156011.24;156011.24;0;152239.96;308251.2;1
161;1;383425.34;41869;0;113100.02;496525.36;0
276;1;105376.73;401;0;0;105376.73;0
542;0;1068398.61;1068398.61;0;0;0;1
188;1;341748.28;27770;0;0;341748.28;0
550;1;74563.79;0;0;547927.21;622490.99;0
55;0;854550.85;854550.85;0;0;0;1
665;0;290491.12;290491.12;0;0;0;1
376;1;225346.38;3980;0;322223.54;547569.92;0
481;0;832811.84;832811.84;0;0;0;1
692;0;349619.91;349619.91;0;0;0;1
597;0;88099.88;88099.88;0;0;0;1
157;1;184055.79;70;0;24081.9;208137.69;0
296;1;10000000;10000000;0;920463.99;10920463.99;1
410;0;1232013.7;1232013.7;0;0;0;1
203;1;131688.71;0;0;1941672.61;2073361.33;0
438;1;455014.69;455014.69;0;700724.17;1155738.85;1
187;0;117342.91;0;0;791583.81;908926.72;0
307;1;26916.03;0;0;1321426.74;1348342.77;0
447;0;3965182.83;3965182.83;0;0;0;1
400;1;43352.19;27556.37;0;1388202.43;1431554.61;0
672;0;21332.46;21332.46;0;0;0;1
139;1;124441.68;75213;0;154592.05;279033.73;0
18;1;176439.51;0;0;637873.53;614056.63;0
40;1;369827.27;0;0;453416.63;823243.9;0
702;1;0;0;0;107777.02;107777.02;1
477;0;6646879.72;6646879.72;0;0;0;1
401;0;118846.86;0;0;196080.76;314927.62;0
305;0;10000000;22202;0;0;16943048;0
182;1;141260.51;0;0;2248751.9;2390012.41;0
398;0;153671.78;182538.45;28866.67;215901.28;369573.06;0
235;1;3527.85;13273;9745.15;556830.19;560358.03;0
360;1;758848.47;758848.47;0;9507465.84;10266314.31;1
397;1;73315.37;50188;0;3106040.75;3179356.12;0
726;1;3547010.54;3547010.54;0;134668.9;3681679.44;1
226;0;1422775.86;0;0;3347263.55;4770039.41;0
375;0;4280881.85;0;0;14757555.02;19038436.87;0
16;0;2198224.71;2198224.71;0;0;0;1
161;0;1533798.48;1533798.48;0;0;0;1
15;1;3829.18;0;0;967997.35;971826.53;0
497;0;224570.45;224570.45;0;0;0;1
371;1;77599.42;0;0;286036.81;363636.24;0
